<?xml version="1.0" encoding="UTF-8"?>
<root>
  <item name="com.google.android.exoplayer2.text.webvtt.WebvttCssStyle bold">
    <annotation name="androidx.annotation.IntDef">
      <val name="value" val="{com.google.android.exoplayer2.text.webvtt.WebvttCssStyle.UNSPECIFIED, com.google.android.exoplayer2.text.webvtt.WebvttCssStyle.OFF, com.google.android.exoplayer2.text.webvtt.WebvttCssStyle.ON}" />
    </annotation>
  </item>
  <item name="com.google.android.exoplayer2.text.webvtt.WebvttCssStyle com.google.android.exoplayer2.text.webvtt.WebvttCssStyle setFontSizeUnit(int) 0">
    <annotation name="androidx.annotation.IntDef">
      <val name="value" val="{com.google.android.exoplayer2.text.webvtt.WebvttCssStyle.UNSPECIFIED, com.google.android.exoplayer2.text.webvtt.WebvttCssStyle.FONT_SIZE_UNIT_PIXEL, com.google.android.exoplayer2.text.webvtt.WebvttCssStyle.FONT_SIZE_UNIT_EM, com.google.android.exoplayer2.text.webvtt.WebvttCssStyle.FONT_SIZE_UNIT_PERCENT}" />
    </annotation>
  </item>
  <item name="com.google.android.exoplayer2.text.webvtt.WebvttCssStyle com.google.android.exoplayer2.text.webvtt.WebvttCssStyle setRubyPosition(int) 0">
    <annotation name="androidx.annotation.IntDef">
      <val name="value" val="{com.google.android.exoplayer2.text.span.TextAnnotation.POSITION_UNKNOWN, com.google.android.exoplayer2.text.span.TextAnnotation.POSITION_BEFORE, com.google.android.exoplayer2.text.span.TextAnnotation.POSITION_AFTER}" />
    </annotation>
  </item>
  <item name="com.google.android.exoplayer2.text.webvtt.WebvttCssStyle fontSizeUnit">
    <annotation name="androidx.annotation.IntDef">
      <val name="value" val="{com.google.android.exoplayer2.text.webvtt.WebvttCssStyle.UNSPECIFIED, com.google.android.exoplayer2.text.webvtt.WebvttCssStyle.FONT_SIZE_UNIT_PIXEL, com.google.android.exoplayer2.text.webvtt.WebvttCssStyle.FONT_SIZE_UNIT_EM, com.google.android.exoplayer2.text.webvtt.WebvttCssStyle.FONT_SIZE_UNIT_PERCENT}" />
    </annotation>
  </item>
  <item name="com.google.android.exoplayer2.text.webvtt.WebvttCssStyle int getFontSizeUnit()">
    <annotation name="androidx.annotation.IntDef">
      <val name="value" val="{com.google.android.exoplayer2.text.webvtt.WebvttCssStyle.UNSPECIFIED, com.google.android.exoplayer2.text.webvtt.WebvttCssStyle.FONT_SIZE_UNIT_PIXEL, com.google.android.exoplayer2.text.webvtt.WebvttCssStyle.FONT_SIZE_UNIT_EM, com.google.android.exoplayer2.text.webvtt.WebvttCssStyle.FONT_SIZE_UNIT_PERCENT}" />
    </annotation>
  </item>
  <item name="com.google.android.exoplayer2.text.webvtt.WebvttCssStyle int getRubyPosition()">
    <annotation name="androidx.annotation.IntDef">
      <val name="value" val="{com.google.android.exoplayer2.text.span.TextAnnotation.POSITION_UNKNOWN, com.google.android.exoplayer2.text.span.TextAnnotation.POSITION_BEFORE, com.google.android.exoplayer2.text.span.TextAnnotation.POSITION_AFTER}" />
    </annotation>
  </item>
  <item name="com.google.android.exoplayer2.text.webvtt.WebvttCssStyle int getStyle()">
    <annotation name="androidx.annotation.IntDef">
      <val name="flag" val="true" />
      <val name="value" val="{com.google.android.exoplayer2.text.webvtt.WebvttCssStyle.UNSPECIFIED, com.google.android.exoplayer2.text.webvtt.WebvttCssStyle.STYLE_NORMAL, com.google.android.exoplayer2.text.webvtt.WebvttCssStyle.STYLE_BOLD, com.google.android.exoplayer2.text.webvtt.WebvttCssStyle.STYLE_ITALIC, com.google.android.exoplayer2.text.webvtt.WebvttCssStyle.STYLE_BOLD_ITALIC}" />
    </annotation>
  </item>
  <item name="com.google.android.exoplayer2.text.webvtt.WebvttCssStyle italic">
    <annotation name="androidx.annotation.IntDef">
      <val name="value" val="{com.google.android.exoplayer2.text.webvtt.WebvttCssStyle.UNSPECIFIED, com.google.android.exoplayer2.text.webvtt.WebvttCssStyle.OFF, com.google.android.exoplayer2.text.webvtt.WebvttCssStyle.ON}" />
    </annotation>
  </item>
  <item name="com.google.android.exoplayer2.text.webvtt.WebvttCssStyle linethrough">
    <annotation name="androidx.annotation.IntDef">
      <val name="value" val="{com.google.android.exoplayer2.text.webvtt.WebvttCssStyle.UNSPECIFIED, com.google.android.exoplayer2.text.webvtt.WebvttCssStyle.OFF, com.google.android.exoplayer2.text.webvtt.WebvttCssStyle.ON}" />
    </annotation>
  </item>
  <item name="com.google.android.exoplayer2.text.webvtt.WebvttCssStyle rubyPosition">
    <annotation name="androidx.annotation.IntDef">
      <val name="value" val="{com.google.android.exoplayer2.text.span.TextAnnotation.POSITION_UNKNOWN, com.google.android.exoplayer2.text.span.TextAnnotation.POSITION_BEFORE, com.google.android.exoplayer2.text.span.TextAnnotation.POSITION_AFTER}" />
    </annotation>
  </item>
  <item name="com.google.android.exoplayer2.text.webvtt.WebvttCssStyle underline">
    <annotation name="androidx.annotation.IntDef">
      <val name="value" val="{com.google.android.exoplayer2.text.webvtt.WebvttCssStyle.UNSPECIFIED, com.google.android.exoplayer2.text.webvtt.WebvttCssStyle.OFF, com.google.android.exoplayer2.text.webvtt.WebvttCssStyle.ON}" />
    </annotation>
  </item>
  <item name="com.google.android.exoplayer2.text.webvtt.WebvttCssStyle.FontSizeUnit">
    <annotation name="androidx.annotation.IntDef">
      <val name="value" val="{com.google.android.exoplayer2.text.webvtt.WebvttCssStyle.UNSPECIFIED, com.google.android.exoplayer2.text.webvtt.WebvttCssStyle.FONT_SIZE_UNIT_PIXEL, com.google.android.exoplayer2.text.webvtt.WebvttCssStyle.FONT_SIZE_UNIT_EM, com.google.android.exoplayer2.text.webvtt.WebvttCssStyle.FONT_SIZE_UNIT_PERCENT}" />
    </annotation>
  </item>
  <item name="com.google.android.exoplayer2.text.webvtt.WebvttCssStyle.StyleFlags">
    <annotation name="androidx.annotation.IntDef">
      <val name="flag" val="true" />
      <val name="value" val="{com.google.android.exoplayer2.text.webvtt.WebvttCssStyle.UNSPECIFIED, com.google.android.exoplayer2.text.webvtt.WebvttCssStyle.STYLE_NORMAL, com.google.android.exoplayer2.text.webvtt.WebvttCssStyle.STYLE_BOLD, com.google.android.exoplayer2.text.webvtt.WebvttCssStyle.STYLE_ITALIC, com.google.android.exoplayer2.text.webvtt.WebvttCssStyle.STYLE_BOLD_ITALIC}" />
    </annotation>
  </item>
  <item name="com.google.android.exoplayer2.text.webvtt.WebvttCueParser int firstKnownRubyPosition(int, int, int)">
    <annotation name="androidx.annotation.IntDef">
      <val name="value" val="{com.google.android.exoplayer2.text.span.TextAnnotation.POSITION_UNKNOWN, com.google.android.exoplayer2.text.span.TextAnnotation.POSITION_BEFORE, com.google.android.exoplayer2.text.span.TextAnnotation.POSITION_AFTER}" />
    </annotation>
  </item>
  <item name="com.google.android.exoplayer2.text.webvtt.WebvttCueParser int firstKnownRubyPosition(int, int, int) 0">
    <annotation name="androidx.annotation.IntDef">
      <val name="value" val="{com.google.android.exoplayer2.text.span.TextAnnotation.POSITION_UNKNOWN, com.google.android.exoplayer2.text.span.TextAnnotation.POSITION_BEFORE, com.google.android.exoplayer2.text.span.TextAnnotation.POSITION_AFTER}" />
    </annotation>
  </item>
  <item name="com.google.android.exoplayer2.text.webvtt.WebvttCueParser int firstKnownRubyPosition(int, int, int) 1">
    <annotation name="androidx.annotation.IntDef">
      <val name="value" val="{com.google.android.exoplayer2.text.span.TextAnnotation.POSITION_UNKNOWN, com.google.android.exoplayer2.text.span.TextAnnotation.POSITION_BEFORE, com.google.android.exoplayer2.text.span.TextAnnotation.POSITION_AFTER}" />
    </annotation>
  </item>
  <item name="com.google.android.exoplayer2.text.webvtt.WebvttCueParser int firstKnownRubyPosition(int, int, int) 2">
    <annotation name="androidx.annotation.IntDef">
      <val name="value" val="{com.google.android.exoplayer2.text.span.TextAnnotation.POSITION_UNKNOWN, com.google.android.exoplayer2.text.span.TextAnnotation.POSITION_BEFORE, com.google.android.exoplayer2.text.span.TextAnnotation.POSITION_AFTER}" />
    </annotation>
  </item>
  <item name="com.google.android.exoplayer2.text.webvtt.WebvttCueParser int getRubyPosition(java.util.List&lt;com.google.android.exoplayer2.text.webvtt.WebvttCssStyle&gt;, java.lang.String, com.google.android.exoplayer2.text.webvtt.WebvttCueParser.StartTag)">
    <annotation name="androidx.annotation.IntDef">
      <val name="value" val="{com.google.android.exoplayer2.text.span.TextAnnotation.POSITION_UNKNOWN, com.google.android.exoplayer2.text.span.TextAnnotation.POSITION_BEFORE, com.google.android.exoplayer2.text.span.TextAnnotation.POSITION_AFTER}" />
    </annotation>
  </item>
  <item name="com.google.android.exoplayer2.text.webvtt.WebvttCueParser int parseTextAlignment(java.lang.String)">
    <annotation name="androidx.annotation.IntDef">
      <val name="value" val="{com.google.android.exoplayer2.text.webvtt.WebvttCueParser.TEXT_ALIGNMENT_START, com.google.android.exoplayer2.text.webvtt.WebvttCueParser.TEXT_ALIGNMENT_CENTER, com.google.android.exoplayer2.text.webvtt.WebvttCueParser.TEXT_ALIGNMENT_END, com.google.android.exoplayer2.text.webvtt.WebvttCueParser.TEXT_ALIGNMENT_LEFT, com.google.android.exoplayer2.text.webvtt.WebvttCueParser.TEXT_ALIGNMENT_RIGHT}" />
    </annotation>
  </item>
  <item name="com.google.android.exoplayer2.text.webvtt.WebvttCueParser.WebvttCueInfoBuilder android.text.Layout.Alignment convertTextAlignment(int) 0">
    <annotation name="androidx.annotation.IntDef">
      <val name="value" val="{com.google.android.exoplayer2.text.webvtt.WebvttCueParser.TEXT_ALIGNMENT_START, com.google.android.exoplayer2.text.webvtt.WebvttCueParser.TEXT_ALIGNMENT_CENTER, com.google.android.exoplayer2.text.webvtt.WebvttCueParser.TEXT_ALIGNMENT_END, com.google.android.exoplayer2.text.webvtt.WebvttCueParser.TEXT_ALIGNMENT_LEFT, com.google.android.exoplayer2.text.webvtt.WebvttCueParser.TEXT_ALIGNMENT_RIGHT}" />
    </annotation>
  </item>
  <item name="com.google.android.exoplayer2.text.webvtt.WebvttCueParser.WebvttCueInfoBuilder float derivePosition(int) 0">
    <annotation name="androidx.annotation.IntDef">
      <val name="value" val="{com.google.android.exoplayer2.text.webvtt.WebvttCueParser.TEXT_ALIGNMENT_START, com.google.android.exoplayer2.text.webvtt.WebvttCueParser.TEXT_ALIGNMENT_CENTER, com.google.android.exoplayer2.text.webvtt.WebvttCueParser.TEXT_ALIGNMENT_END, com.google.android.exoplayer2.text.webvtt.WebvttCueParser.TEXT_ALIGNMENT_LEFT, com.google.android.exoplayer2.text.webvtt.WebvttCueParser.TEXT_ALIGNMENT_RIGHT}" />
    </annotation>
  </item>
  <item name="com.google.android.exoplayer2.text.webvtt.WebvttCueParser.WebvttCueInfoBuilder int derivePositionAnchor(int) 0">
    <annotation name="androidx.annotation.IntDef">
      <val name="value" val="{com.google.android.exoplayer2.text.webvtt.WebvttCueParser.TEXT_ALIGNMENT_START, com.google.android.exoplayer2.text.webvtt.WebvttCueParser.TEXT_ALIGNMENT_CENTER, com.google.android.exoplayer2.text.webvtt.WebvttCueParser.TEXT_ALIGNMENT_END, com.google.android.exoplayer2.text.webvtt.WebvttCueParser.TEXT_ALIGNMENT_LEFT, com.google.android.exoplayer2.text.webvtt.WebvttCueParser.TEXT_ALIGNMENT_RIGHT}" />
    </annotation>
  </item>
  <item name="com.google.android.exoplayer2.text.webvtt.WebvttCueParser.WebvttCueInfoBuilder textAlignment">
    <annotation name="androidx.annotation.IntDef">
      <val name="value" val="{com.google.android.exoplayer2.text.webvtt.WebvttCueParser.TEXT_ALIGNMENT_START, com.google.android.exoplayer2.text.webvtt.WebvttCueParser.TEXT_ALIGNMENT_CENTER, com.google.android.exoplayer2.text.webvtt.WebvttCueParser.TEXT_ALIGNMENT_END, com.google.android.exoplayer2.text.webvtt.WebvttCueParser.TEXT_ALIGNMENT_LEFT, com.google.android.exoplayer2.text.webvtt.WebvttCueParser.TEXT_ALIGNMENT_RIGHT}" />
    </annotation>
  </item>
</root>

