<?xml version="1.0" encoding="UTF-8"?>
<root>
  <item name="com.google.android.exoplayer2.offline.DefaultDownloadIndex com.google.android.exoplayer2.offline.DownloadCursor getDownloads(int...) 0">
    <annotation name="androidx.annotation.IntDef">
      <val name="value" val="{com.google.android.exoplayer2.offline.Download.STATE_QUEUED, com.google.android.exoplayer2.offline.Download.STATE_STOPPED, com.google.android.exoplayer2.offline.Download.STATE_DOWNLOADING, com.google.android.exoplayer2.offline.Download.STATE_COMPLETED, com.google.android.exoplayer2.offline.Download.STATE_FAILED, com.google.android.exoplayer2.offline.Download.STATE_REMOVING, com.google.android.exoplayer2.offline.Download.STATE_RESTARTING}" />
    </annotation>
  </item>
  <item name="com.google.android.exoplayer2.offline.DefaultDownloadIndex java.lang.String getStateQuery(int...) 0">
    <annotation name="androidx.annotation.IntDef">
      <val name="value" val="{com.google.android.exoplayer2.offline.Download.STATE_QUEUED, com.google.android.exoplayer2.offline.Download.STATE_STOPPED, com.google.android.exoplayer2.offline.Download.STATE_DOWNLOADING, com.google.android.exoplayer2.offline.Download.STATE_COMPLETED, com.google.android.exoplayer2.offline.Download.STATE_FAILED, com.google.android.exoplayer2.offline.Download.STATE_REMOVING, com.google.android.exoplayer2.offline.Download.STATE_RESTARTING}" />
    </annotation>
  </item>
  <item name="com.google.android.exoplayer2.offline.Download Download(com.google.android.exoplayer2.offline.DownloadRequest, int, long, long, long, int, int) 1">
    <annotation name="androidx.annotation.IntDef">
      <val name="value" val="{com.google.android.exoplayer2.offline.Download.STATE_QUEUED, com.google.android.exoplayer2.offline.Download.STATE_STOPPED, com.google.android.exoplayer2.offline.Download.STATE_DOWNLOADING, com.google.android.exoplayer2.offline.Download.STATE_COMPLETED, com.google.android.exoplayer2.offline.Download.STATE_FAILED, com.google.android.exoplayer2.offline.Download.STATE_REMOVING, com.google.android.exoplayer2.offline.Download.STATE_RESTARTING}" />
    </annotation>
  </item>
  <item name="com.google.android.exoplayer2.offline.Download Download(com.google.android.exoplayer2.offline.DownloadRequest, int, long, long, long, int, int) 6">
    <annotation name="androidx.annotation.IntDef">
      <val name="value" val="{com.google.android.exoplayer2.offline.Download.FAILURE_REASON_NONE, com.google.android.exoplayer2.offline.Download.FAILURE_REASON_UNKNOWN}" />
    </annotation>
  </item>
  <item name="com.google.android.exoplayer2.offline.Download Download(com.google.android.exoplayer2.offline.DownloadRequest, int, long, long, long, int, int, com.google.android.exoplayer2.offline.DownloadProgress) 1">
    <annotation name="androidx.annotation.IntDef">
      <val name="value" val="{com.google.android.exoplayer2.offline.Download.STATE_QUEUED, com.google.android.exoplayer2.offline.Download.STATE_STOPPED, com.google.android.exoplayer2.offline.Download.STATE_DOWNLOADING, com.google.android.exoplayer2.offline.Download.STATE_COMPLETED, com.google.android.exoplayer2.offline.Download.STATE_FAILED, com.google.android.exoplayer2.offline.Download.STATE_REMOVING, com.google.android.exoplayer2.offline.Download.STATE_RESTARTING}" />
    </annotation>
  </item>
  <item name="com.google.android.exoplayer2.offline.Download Download(com.google.android.exoplayer2.offline.DownloadRequest, int, long, long, long, int, int, com.google.android.exoplayer2.offline.DownloadProgress) 6">
    <annotation name="androidx.annotation.IntDef">
      <val name="value" val="{com.google.android.exoplayer2.offline.Download.FAILURE_REASON_NONE, com.google.android.exoplayer2.offline.Download.FAILURE_REASON_UNKNOWN}" />
    </annotation>
  </item>
  <item name="com.google.android.exoplayer2.offline.Download failureReason">
    <annotation name="androidx.annotation.IntDef">
      <val name="value" val="{com.google.android.exoplayer2.offline.Download.FAILURE_REASON_NONE, com.google.android.exoplayer2.offline.Download.FAILURE_REASON_UNKNOWN}" />
    </annotation>
  </item>
  <item name="com.google.android.exoplayer2.offline.Download state">
    <annotation name="androidx.annotation.IntDef">
      <val name="value" val="{com.google.android.exoplayer2.offline.Download.STATE_QUEUED, com.google.android.exoplayer2.offline.Download.STATE_STOPPED, com.google.android.exoplayer2.offline.Download.STATE_DOWNLOADING, com.google.android.exoplayer2.offline.Download.STATE_COMPLETED, com.google.android.exoplayer2.offline.Download.STATE_FAILED, com.google.android.exoplayer2.offline.Download.STATE_REMOVING, com.google.android.exoplayer2.offline.Download.STATE_RESTARTING}" />
    </annotation>
  </item>
  <item name="com.google.android.exoplayer2.offline.Download.FailureReason">
    <annotation name="androidx.annotation.IntDef">
      <val name="value" val="{com.google.android.exoplayer2.offline.Download.FAILURE_REASON_NONE, com.google.android.exoplayer2.offline.Download.FAILURE_REASON_UNKNOWN}" />
    </annotation>
  </item>
  <item name="com.google.android.exoplayer2.offline.Download.State">
    <annotation name="androidx.annotation.IntDef">
      <val name="value" val="{com.google.android.exoplayer2.offline.Download.STATE_QUEUED, com.google.android.exoplayer2.offline.Download.STATE_STOPPED, com.google.android.exoplayer2.offline.Download.STATE_DOWNLOADING, com.google.android.exoplayer2.offline.Download.STATE_COMPLETED, com.google.android.exoplayer2.offline.Download.STATE_FAILED, com.google.android.exoplayer2.offline.Download.STATE_REMOVING, com.google.android.exoplayer2.offline.Download.STATE_RESTARTING}" />
    </annotation>
  </item>
  <item name="com.google.android.exoplayer2.offline.DownloadIndex com.google.android.exoplayer2.offline.DownloadCursor getDownloads(int...) 0">
    <annotation name="androidx.annotation.IntDef">
      <val name="value" val="{com.google.android.exoplayer2.offline.Download.STATE_QUEUED, com.google.android.exoplayer2.offline.Download.STATE_STOPPED, com.google.android.exoplayer2.offline.Download.STATE_DOWNLOADING, com.google.android.exoplayer2.offline.Download.STATE_COMPLETED, com.google.android.exoplayer2.offline.Download.STATE_FAILED, com.google.android.exoplayer2.offline.Download.STATE_REMOVING, com.google.android.exoplayer2.offline.Download.STATE_RESTARTING}" />
    </annotation>
  </item>
  <item name="com.google.android.exoplayer2.offline.DownloadManager int getNotMetRequirements()">
    <annotation name="androidx.annotation.IntDef">
      <val name="flag" val="true" />
      <val name="value" val="{com.google.android.exoplayer2.scheduler.Requirements.NETWORK, com.google.android.exoplayer2.scheduler.Requirements.NETWORK_UNMETERED, com.google.android.exoplayer2.scheduler.Requirements.DEVICE_IDLE, com.google.android.exoplayer2.scheduler.Requirements.DEVICE_CHARGING, com.google.android.exoplayer2.scheduler.Requirements.DEVICE_STORAGE_NOT_LOW}" />
    </annotation>
  </item>
  <item name="com.google.android.exoplayer2.offline.DownloadManager void onRequirementsStateChanged(com.google.android.exoplayer2.scheduler.RequirementsWatcher, int) 1">
    <annotation name="androidx.annotation.IntDef">
      <val name="flag" val="true" />
      <val name="value" val="{com.google.android.exoplayer2.scheduler.Requirements.NETWORK, com.google.android.exoplayer2.scheduler.Requirements.NETWORK_UNMETERED, com.google.android.exoplayer2.scheduler.Requirements.DEVICE_IDLE, com.google.android.exoplayer2.scheduler.Requirements.DEVICE_CHARGING, com.google.android.exoplayer2.scheduler.Requirements.DEVICE_STORAGE_NOT_LOW}" />
    </annotation>
  </item>
  <item name="com.google.android.exoplayer2.offline.DownloadManager.InternalHandler com.google.android.exoplayer2.offline.Download copyDownloadWithState(com.google.android.exoplayer2.offline.Download, int, int) 1">
    <annotation name="androidx.annotation.IntDef">
      <val name="value" val="{com.google.android.exoplayer2.offline.Download.STATE_QUEUED, com.google.android.exoplayer2.offline.Download.STATE_STOPPED, com.google.android.exoplayer2.offline.Download.STATE_DOWNLOADING, com.google.android.exoplayer2.offline.Download.STATE_COMPLETED, com.google.android.exoplayer2.offline.Download.STATE_FAILED, com.google.android.exoplayer2.offline.Download.STATE_REMOVING, com.google.android.exoplayer2.offline.Download.STATE_RESTARTING}" />
    </annotation>
  </item>
  <item name="com.google.android.exoplayer2.offline.DownloadManager.InternalHandler com.google.android.exoplayer2.offline.Download putDownloadWithState(com.google.android.exoplayer2.offline.Download, int, int) 1">
    <annotation name="androidx.annotation.IntDef">
      <val name="value" val="{com.google.android.exoplayer2.offline.Download.STATE_QUEUED, com.google.android.exoplayer2.offline.Download.STATE_STOPPED, com.google.android.exoplayer2.offline.Download.STATE_DOWNLOADING, com.google.android.exoplayer2.offline.Download.STATE_COMPLETED, com.google.android.exoplayer2.offline.Download.STATE_FAILED, com.google.android.exoplayer2.offline.Download.STATE_REMOVING, com.google.android.exoplayer2.offline.Download.STATE_RESTARTING}" />
    </annotation>
  </item>
  <item name="com.google.android.exoplayer2.offline.DownloadManager.InternalHandler notMetRequirements">
    <annotation name="androidx.annotation.IntDef">
      <val name="flag" val="true" />
      <val name="value" val="{com.google.android.exoplayer2.scheduler.Requirements.NETWORK, com.google.android.exoplayer2.scheduler.Requirements.NETWORK_UNMETERED, com.google.android.exoplayer2.scheduler.Requirements.DEVICE_IDLE, com.google.android.exoplayer2.scheduler.Requirements.DEVICE_CHARGING, com.google.android.exoplayer2.scheduler.Requirements.DEVICE_STORAGE_NOT_LOW}" />
    </annotation>
  </item>
  <item name="com.google.android.exoplayer2.offline.DownloadManager.InternalHandler void setNotMetRequirements(int) 0">
    <annotation name="androidx.annotation.IntDef">
      <val name="flag" val="true" />
      <val name="value" val="{com.google.android.exoplayer2.scheduler.Requirements.NETWORK, com.google.android.exoplayer2.scheduler.Requirements.NETWORK_UNMETERED, com.google.android.exoplayer2.scheduler.Requirements.DEVICE_IDLE, com.google.android.exoplayer2.scheduler.Requirements.DEVICE_CHARGING, com.google.android.exoplayer2.scheduler.Requirements.DEVICE_STORAGE_NOT_LOW}" />
    </annotation>
  </item>
  <item name="com.google.android.exoplayer2.offline.DownloadManager.Listener void onRequirementsStateChanged(com.google.android.exoplayer2.offline.DownloadManager, com.google.android.exoplayer2.scheduler.Requirements, int) 2">
    <annotation name="androidx.annotation.IntDef">
      <val name="flag" val="true" />
      <val name="value" val="{com.google.android.exoplayer2.scheduler.Requirements.NETWORK, com.google.android.exoplayer2.scheduler.Requirements.NETWORK_UNMETERED, com.google.android.exoplayer2.scheduler.Requirements.DEVICE_IDLE, com.google.android.exoplayer2.scheduler.Requirements.DEVICE_CHARGING, com.google.android.exoplayer2.scheduler.Requirements.DEVICE_STORAGE_NOT_LOW}" />
    </annotation>
  </item>
  <item name="com.google.android.exoplayer2.offline.DownloadService boolean needsStartedService(int) 0">
    <annotation name="androidx.annotation.IntDef">
      <val name="value" val="{com.google.android.exoplayer2.offline.Download.STATE_QUEUED, com.google.android.exoplayer2.offline.Download.STATE_STOPPED, com.google.android.exoplayer2.offline.Download.STATE_DOWNLOADING, com.google.android.exoplayer2.offline.Download.STATE_COMPLETED, com.google.android.exoplayer2.offline.Download.STATE_FAILED, com.google.android.exoplayer2.offline.Download.STATE_REMOVING, com.google.android.exoplayer2.offline.Download.STATE_RESTARTING}" />
    </annotation>
  </item>
</root>

