<?xml version="1.0" encoding="UTF-8"?>
<root>
  <item name="com.google.android.exoplayer2.extractor.BinarySearchSeeker.TimestampSearchResult TimestampSearchResult(int, long, long) 0">
    <annotation name="androidx.annotation.IntDef">
      <val name="value" val="{com.google.android.exoplayer2.extractor.BinarySearchSeeker.TimestampSearchResult.TYPE_TARGET_TIMESTAMP_FOUND, com.google.android.exoplayer2.extractor.BinarySearchSeeker.TimestampSearchResult.TYPE_POSITION_OVERESTIMATED, com.google.android.exoplayer2.extractor.BinarySearchSeeker.TimestampSearchResult.TYPE_POSITION_UNDERESTIMATED, com.google.android.exoplayer2.extractor.BinarySearchSeeker.TimestampSearchResult.TYPE_NO_TIMESTAMP}" />
    </annotation>
  </item>
  <item name="com.google.android.exoplayer2.extractor.BinarySearchSeeker.TimestampSearchResult type">
    <annotation name="androidx.annotation.IntDef">
      <val name="value" val="{com.google.android.exoplayer2.extractor.BinarySearchSeeker.TimestampSearchResult.TYPE_TARGET_TIMESTAMP_FOUND, com.google.android.exoplayer2.extractor.BinarySearchSeeker.TimestampSearchResult.TYPE_POSITION_OVERESTIMATED, com.google.android.exoplayer2.extractor.BinarySearchSeeker.TimestampSearchResult.TYPE_POSITION_UNDERESTIMATED, com.google.android.exoplayer2.extractor.BinarySearchSeeker.TimestampSearchResult.TYPE_NO_TIMESTAMP}" />
    </annotation>
  </item>
  <item name="com.google.android.exoplayer2.extractor.DefaultExtractorsFactory adtsFlags">
    <annotation name="androidx.annotation.IntDef">
      <val name="flag" val="true" />
      <val name="value" val="{com.google.android.exoplayer2.extractor.ts.AdtsExtractor.FLAG_ENABLE_CONSTANT_BITRATE_SEEKING}" />
    </annotation>
  </item>
  <item name="com.google.android.exoplayer2.extractor.DefaultExtractorsFactory amrFlags">
    <annotation name="androidx.annotation.IntDef">
      <val name="flag" val="true" />
      <val name="value" val="{com.google.android.exoplayer2.extractor.amr.AmrExtractor.FLAG_ENABLE_CONSTANT_BITRATE_SEEKING}" />
    </annotation>
  </item>
  <item name="com.google.android.exoplayer2.extractor.DefaultExtractorsFactory com.google.android.exoplayer2.extractor.DefaultExtractorsFactory setAdtsExtractorFlags(int) 0">
    <annotation name="androidx.annotation.IntDef">
      <val name="flag" val="true" />
      <val name="value" val="{com.google.android.exoplayer2.extractor.ts.AdtsExtractor.FLAG_ENABLE_CONSTANT_BITRATE_SEEKING}" />
    </annotation>
  </item>
  <item name="com.google.android.exoplayer2.extractor.DefaultExtractorsFactory com.google.android.exoplayer2.extractor.DefaultExtractorsFactory setAmrExtractorFlags(int) 0">
    <annotation name="androidx.annotation.IntDef">
      <val name="flag" val="true" />
      <val name="value" val="{com.google.android.exoplayer2.extractor.amr.AmrExtractor.FLAG_ENABLE_CONSTANT_BITRATE_SEEKING}" />
    </annotation>
  </item>
  <item name="com.google.android.exoplayer2.extractor.DefaultExtractorsFactory com.google.android.exoplayer2.extractor.DefaultExtractorsFactory setFlacExtractorFlags(int) 0">
    <annotation name="androidx.annotation.IntDef">
      <val name="flag" val="true" />
      <val name="value" val="{com.google.android.exoplayer2.extractor.flac.FlacExtractor.FLAG_DISABLE_ID3_METADATA}" />
    </annotation>
  </item>
  <item name="com.google.android.exoplayer2.extractor.DefaultExtractorsFactory com.google.android.exoplayer2.extractor.DefaultExtractorsFactory setFragmentedMp4ExtractorFlags(int) 0">
    <annotation name="androidx.annotation.IntDef">
      <val name="flag" val="true" />
      <val name="value" val="{com.google.android.exoplayer2.extractor.mp4.FragmentedMp4Extractor.FLAG_WORKAROUND_EVERY_VIDEO_FRAME_IS_SYNC_FRAME, com.google.android.exoplayer2.extractor.mp4.FragmentedMp4Extractor.FLAG_WORKAROUND_IGNORE_TFDT_BOX, com.google.android.exoplayer2.extractor.mp4.FragmentedMp4Extractor.FLAG_ENABLE_EMSG_TRACK, com.google.android.exoplayer2.extractor.mp4.FragmentedMp4Extractor.FLAG_WORKAROUND_IGNORE_EDIT_LISTS}" />
    </annotation>
  </item>
  <item name="com.google.android.exoplayer2.extractor.DefaultExtractorsFactory com.google.android.exoplayer2.extractor.DefaultExtractorsFactory setMatroskaExtractorFlags(int) 0">
    <annotation name="androidx.annotation.IntDef">
      <val name="flag" val="true" />
      <val name="value" val="{com.google.android.exoplayer2.extractor.mkv.MatroskaExtractor.FLAG_DISABLE_SEEK_FOR_CUES}" />
    </annotation>
  </item>
  <item name="com.google.android.exoplayer2.extractor.DefaultExtractorsFactory com.google.android.exoplayer2.extractor.DefaultExtractorsFactory setMp3ExtractorFlags(int) 0">
    <annotation name="androidx.annotation.IntDef">
      <val name="flag" val="true" />
      <val name="value" val="{com.google.android.exoplayer2.extractor.mp3.Mp3Extractor.FLAG_ENABLE_CONSTANT_BITRATE_SEEKING, com.google.android.exoplayer2.extractor.mp3.Mp3Extractor.FLAG_ENABLE_INDEX_SEEKING, com.google.android.exoplayer2.extractor.mp3.Mp3Extractor.FLAG_DISABLE_ID3_METADATA}" />
    </annotation>
  </item>
  <item name="com.google.android.exoplayer2.extractor.DefaultExtractorsFactory com.google.android.exoplayer2.extractor.DefaultExtractorsFactory setMp4ExtractorFlags(int) 0">
    <annotation name="androidx.annotation.IntDef">
      <val name="flag" val="true" />
      <val name="value" val="{com.google.android.exoplayer2.extractor.mp4.Mp4Extractor.FLAG_WORKAROUND_IGNORE_EDIT_LISTS, com.google.android.exoplayer2.extractor.mp4.Mp4Extractor.FLAG_READ_MOTION_PHOTO_METADATA, com.google.android.exoplayer2.extractor.mp4.Mp4Extractor.FLAG_READ_SEF_DATA}" />
    </annotation>
  </item>
  <item name="com.google.android.exoplayer2.extractor.DefaultExtractorsFactory com.google.android.exoplayer2.extractor.DefaultExtractorsFactory setTsExtractorFlags(int) 0">
    <annotation name="androidx.annotation.IntDef">
      <val name="flag" val="true" />
      <val name="value" val="{com.google.android.exoplayer2.extractor.ts.DefaultTsPayloadReaderFactory.FLAG_ALLOW_NON_IDR_KEYFRAMES, com.google.android.exoplayer2.extractor.ts.DefaultTsPayloadReaderFactory.FLAG_IGNORE_AAC_STREAM, com.google.android.exoplayer2.extractor.ts.DefaultTsPayloadReaderFactory.FLAG_IGNORE_H264_STREAM, com.google.android.exoplayer2.extractor.ts.DefaultTsPayloadReaderFactory.FLAG_DETECT_ACCESS_UNITS, com.google.android.exoplayer2.extractor.ts.DefaultTsPayloadReaderFactory.FLAG_IGNORE_SPLICE_INFO_STREAM, com.google.android.exoplayer2.extractor.ts.DefaultTsPayloadReaderFactory.FLAG_OVERRIDE_CAPTION_DESCRIPTORS, com.google.android.exoplayer2.extractor.ts.DefaultTsPayloadReaderFactory.FLAG_ENABLE_HDMV_DTS_AUDIO_STREAMS}" />
    </annotation>
  </item>
  <item name="com.google.android.exoplayer2.extractor.DefaultExtractorsFactory com.google.android.exoplayer2.extractor.DefaultExtractorsFactory setTsExtractorMode(int) 0">
    <annotation name="androidx.annotation.IntDef">
      <val name="value" val="{com.google.android.exoplayer2.extractor.ts.TsExtractor.MODE_MULTI_PMT, com.google.android.exoplayer2.extractor.ts.TsExtractor.MODE_SINGLE_PMT, com.google.android.exoplayer2.extractor.ts.TsExtractor.MODE_HLS}" />
    </annotation>
  </item>
  <item name="com.google.android.exoplayer2.extractor.DefaultExtractorsFactory flacFlags">
    <annotation name="androidx.annotation.IntDef">
      <val name="flag" val="true" />
      <val name="value" val="{com.google.android.exoplayer2.extractor.flac.FlacExtractor.FLAG_DISABLE_ID3_METADATA}" />
    </annotation>
  </item>
  <item name="com.google.android.exoplayer2.extractor.DefaultExtractorsFactory fragmentedMp4Flags">
    <annotation name="androidx.annotation.IntDef">
      <val name="flag" val="true" />
      <val name="value" val="{com.google.android.exoplayer2.extractor.mp4.FragmentedMp4Extractor.FLAG_WORKAROUND_EVERY_VIDEO_FRAME_IS_SYNC_FRAME, com.google.android.exoplayer2.extractor.mp4.FragmentedMp4Extractor.FLAG_WORKAROUND_IGNORE_TFDT_BOX, com.google.android.exoplayer2.extractor.mp4.FragmentedMp4Extractor.FLAG_ENABLE_EMSG_TRACK, com.google.android.exoplayer2.extractor.mp4.FragmentedMp4Extractor.FLAG_WORKAROUND_IGNORE_EDIT_LISTS}" />
    </annotation>
  </item>
  <item name="com.google.android.exoplayer2.extractor.DefaultExtractorsFactory matroskaFlags">
    <annotation name="androidx.annotation.IntDef">
      <val name="flag" val="true" />
      <val name="value" val="{com.google.android.exoplayer2.extractor.mkv.MatroskaExtractor.FLAG_DISABLE_SEEK_FOR_CUES}" />
    </annotation>
  </item>
  <item name="com.google.android.exoplayer2.extractor.DefaultExtractorsFactory mp3Flags">
    <annotation name="androidx.annotation.IntDef">
      <val name="flag" val="true" />
      <val name="value" val="{com.google.android.exoplayer2.extractor.mp3.Mp3Extractor.FLAG_ENABLE_CONSTANT_BITRATE_SEEKING, com.google.android.exoplayer2.extractor.mp3.Mp3Extractor.FLAG_ENABLE_INDEX_SEEKING, com.google.android.exoplayer2.extractor.mp3.Mp3Extractor.FLAG_DISABLE_ID3_METADATA}" />
    </annotation>
  </item>
  <item name="com.google.android.exoplayer2.extractor.DefaultExtractorsFactory mp4Flags">
    <annotation name="androidx.annotation.IntDef">
      <val name="flag" val="true" />
      <val name="value" val="{com.google.android.exoplayer2.extractor.mp4.Mp4Extractor.FLAG_WORKAROUND_IGNORE_EDIT_LISTS, com.google.android.exoplayer2.extractor.mp4.Mp4Extractor.FLAG_READ_MOTION_PHOTO_METADATA, com.google.android.exoplayer2.extractor.mp4.Mp4Extractor.FLAG_READ_SEF_DATA}" />
    </annotation>
  </item>
  <item name="com.google.android.exoplayer2.extractor.DefaultExtractorsFactory tsFlags">
    <annotation name="androidx.annotation.IntDef">
      <val name="flag" val="true" />
      <val name="value" val="{com.google.android.exoplayer2.extractor.ts.DefaultTsPayloadReaderFactory.FLAG_ALLOW_NON_IDR_KEYFRAMES, com.google.android.exoplayer2.extractor.ts.DefaultTsPayloadReaderFactory.FLAG_IGNORE_AAC_STREAM, com.google.android.exoplayer2.extractor.ts.DefaultTsPayloadReaderFactory.FLAG_IGNORE_H264_STREAM, com.google.android.exoplayer2.extractor.ts.DefaultTsPayloadReaderFactory.FLAG_DETECT_ACCESS_UNITS, com.google.android.exoplayer2.extractor.ts.DefaultTsPayloadReaderFactory.FLAG_IGNORE_SPLICE_INFO_STREAM, com.google.android.exoplayer2.extractor.ts.DefaultTsPayloadReaderFactory.FLAG_OVERRIDE_CAPTION_DESCRIPTORS, com.google.android.exoplayer2.extractor.ts.DefaultTsPayloadReaderFactory.FLAG_ENABLE_HDMV_DTS_AUDIO_STREAMS}" />
    </annotation>
  </item>
  <item name="com.google.android.exoplayer2.extractor.DefaultExtractorsFactory tsMode">
    <annotation name="androidx.annotation.IntDef">
      <val name="value" val="{com.google.android.exoplayer2.extractor.ts.TsExtractor.MODE_MULTI_PMT, com.google.android.exoplayer2.extractor.ts.TsExtractor.MODE_SINGLE_PMT, com.google.android.exoplayer2.extractor.ts.TsExtractor.MODE_HLS}" />
    </annotation>
  </item>
  <item name="com.google.android.exoplayer2.extractor.DummyTrackOutput int sampleData(com.google.android.exoplayer2.upstream.DataReader, int, boolean, int) 3">
    <annotation name="androidx.annotation.IntDef">
      <val name="value" val="{com.google.android.exoplayer2.extractor.TrackOutput.SAMPLE_DATA_PART_MAIN, com.google.android.exoplayer2.extractor.TrackOutput.SAMPLE_DATA_PART_ENCRYPTION, com.google.android.exoplayer2.extractor.TrackOutput.SAMPLE_DATA_PART_SUPPLEMENTAL}" />
    </annotation>
  </item>
  <item name="com.google.android.exoplayer2.extractor.DummyTrackOutput void sampleData(com.google.android.exoplayer2.util.ParsableByteArray, int, int) 2">
    <annotation name="androidx.annotation.IntDef">
      <val name="value" val="{com.google.android.exoplayer2.extractor.TrackOutput.SAMPLE_DATA_PART_MAIN, com.google.android.exoplayer2.extractor.TrackOutput.SAMPLE_DATA_PART_ENCRYPTION, com.google.android.exoplayer2.extractor.TrackOutput.SAMPLE_DATA_PART_SUPPLEMENTAL}" />
    </annotation>
  </item>
  <item name="com.google.android.exoplayer2.extractor.Extractor int read(com.google.android.exoplayer2.extractor.ExtractorInput, com.google.android.exoplayer2.extractor.PositionHolder)">
    <annotation name="androidx.annotation.IntDef">
      <val name="value" val="{com.google.android.exoplayer2.extractor.Extractor.RESULT_CONTINUE, com.google.android.exoplayer2.extractor.Extractor.RESULT_SEEK, com.google.android.exoplayer2.extractor.Extractor.RESULT_END_OF_INPUT}" />
    </annotation>
  </item>
  <item name="com.google.android.exoplayer2.extractor.Extractor.ReadResult">
    <annotation name="androidx.annotation.IntDef">
      <val name="value" val="{com.google.android.exoplayer2.extractor.Extractor.RESULT_CONTINUE, com.google.android.exoplayer2.extractor.Extractor.RESULT_SEEK, com.google.android.exoplayer2.extractor.Extractor.RESULT_END_OF_INPUT}" />
    </annotation>
  </item>
  <item name="com.google.android.exoplayer2.extractor.TrackOutput int sampleData(com.google.android.exoplayer2.upstream.DataReader, int, boolean, int) 3">
    <annotation name="androidx.annotation.IntDef">
      <val name="value" val="{com.google.android.exoplayer2.extractor.TrackOutput.SAMPLE_DATA_PART_MAIN, com.google.android.exoplayer2.extractor.TrackOutput.SAMPLE_DATA_PART_ENCRYPTION, com.google.android.exoplayer2.extractor.TrackOutput.SAMPLE_DATA_PART_SUPPLEMENTAL}" />
    </annotation>
  </item>
  <item name="com.google.android.exoplayer2.extractor.TrackOutput void sampleData(com.google.android.exoplayer2.util.ParsableByteArray, int, int) 2">
    <annotation name="androidx.annotation.IntDef">
      <val name="value" val="{com.google.android.exoplayer2.extractor.TrackOutput.SAMPLE_DATA_PART_MAIN, com.google.android.exoplayer2.extractor.TrackOutput.SAMPLE_DATA_PART_ENCRYPTION, com.google.android.exoplayer2.extractor.TrackOutput.SAMPLE_DATA_PART_SUPPLEMENTAL}" />
    </annotation>
  </item>
  <item name="com.google.android.exoplayer2.extractor.TrackOutput.SampleDataPart">
    <annotation name="androidx.annotation.IntDef">
      <val name="value" val="{com.google.android.exoplayer2.extractor.TrackOutput.SAMPLE_DATA_PART_MAIN, com.google.android.exoplayer2.extractor.TrackOutput.SAMPLE_DATA_PART_ENCRYPTION, com.google.android.exoplayer2.extractor.TrackOutput.SAMPLE_DATA_PART_SUPPLEMENTAL}" />
    </annotation>
  </item>
</root>

