<?xml version="1.0" encoding="UTF-8"?>
<root>
  <item name="com.google.android.exoplayer2.analytics.AnalyticsCollector void onDrmSessionAcquired(int, com.google.android.exoplayer2.source.MediaSource.MediaPeriodId, int) 2">
    <annotation name="androidx.annotation.IntDef">
      <val name="value" val="{com.google.android.exoplayer2.drm.DrmSession.STATE_RELEASED, com.google.android.exoplayer2.drm.DrmSession.STATE_ERROR, com.google.android.exoplayer2.drm.DrmSession.STATE_OPENING, com.google.android.exoplayer2.drm.DrmSession.STATE_OPENED, com.google.android.exoplayer2.drm.DrmSession.STATE_OPENED_WITH_KEYS}" />
    </annotation>
  </item>
  <item name="com.google.android.exoplayer2.analytics.AnalyticsListener void onDrmSessionAcquired(com.google.android.exoplayer2.analytics.AnalyticsListener.EventTime, int) 1">
    <annotation name="androidx.annotation.IntDef">
      <val name="value" val="{com.google.android.exoplayer2.drm.DrmSession.STATE_RELEASED, com.google.android.exoplayer2.drm.DrmSession.STATE_ERROR, com.google.android.exoplayer2.drm.DrmSession.STATE_OPENING, com.google.android.exoplayer2.drm.DrmSession.STATE_OPENED, com.google.android.exoplayer2.drm.DrmSession.STATE_OPENED_WITH_KEYS}" />
    </annotation>
  </item>
  <item name="com.google.android.exoplayer2.analytics.AnalyticsListener.EventFlags">
    <annotation name="androidx.annotation.IntDef">
      <val name="value" val="{com.google.android.exoplayer2.analytics.AnalyticsListener.EVENT_TIMELINE_CHANGED, com.google.android.exoplayer2.analytics.AnalyticsListener.EVENT_MEDIA_ITEM_TRANSITION, com.google.android.exoplayer2.analytics.AnalyticsListener.EVENT_TRACKS_CHANGED, com.google.android.exoplayer2.analytics.AnalyticsListener.EVENT_STATIC_METADATA_CHANGED, com.google.android.exoplayer2.analytics.AnalyticsListener.EVENT_IS_LOADING_CHANGED, com.google.android.exoplayer2.analytics.AnalyticsListener.EVENT_PLAYBACK_STATE_CHANGED, com.google.android.exoplayer2.analytics.AnalyticsListener.EVENT_PLAY_WHEN_READY_CHANGED, com.google.android.exoplayer2.analytics.AnalyticsListener.EVENT_PLAYBACK_SUPPRESSION_REASON_CHANGED, com.google.android.exoplayer2.analytics.AnalyticsListener.EVENT_IS_PLAYING_CHANGED, com.google.android.exoplayer2.analytics.AnalyticsListener.EVENT_REPEAT_MODE_CHANGED, com.google.android.exoplayer2.analytics.AnalyticsListener.EVENT_SHUFFLE_MODE_ENABLED_CHANGED, com.google.android.exoplayer2.analytics.AnalyticsListener.EVENT_PLAYER_ERROR, com.google.android.exoplayer2.analytics.AnalyticsListener.EVENT_POSITION_DISCONTINUITY, com.google.android.exoplayer2.analytics.AnalyticsListener.EVENT_PLAYBACK_PARAMETERS_CHANGED, com.google.android.exoplayer2.analytics.AnalyticsListener.EVENT_AVAILABLE_COMMANDS_CHANGED, com.google.android.exoplayer2.analytics.AnalyticsListener.EVENT_MEDIA_METADATA_CHANGED, com.google.android.exoplayer2.analytics.AnalyticsListener.EVENT_PLAYLIST_METADATA_CHANGED, com.google.android.exoplayer2.analytics.AnalyticsListener.EVENT_SEEK_BACK_INCREMENT_CHANGED, com.google.android.exoplayer2.analytics.AnalyticsListener.EVENT_SEEK_FORWARD_INCREMENT_CHANGED, com.google.android.exoplayer2.analytics.AnalyticsListener.EVENT_LOAD_STARTED, com.google.android.exoplayer2.analytics.AnalyticsListener.EVENT_LOAD_COMPLETED, com.google.android.exoplayer2.analytics.AnalyticsListener.EVENT_LOAD_CANCELED, com.google.android.exoplayer2.analytics.AnalyticsListener.EVENT_LOAD_ERROR, com.google.android.exoplayer2.analytics.AnalyticsListener.EVENT_DOWNSTREAM_FORMAT_CHANGED, com.google.android.exoplayer2.analytics.AnalyticsListener.EVENT_UPSTREAM_DISCARDED, com.google.android.exoplayer2.analytics.AnalyticsListener.EVENT_BANDWIDTH_ESTIMATE, com.google.android.exoplayer2.analytics.AnalyticsListener.EVENT_METADATA, com.google.android.exoplayer2.analytics.AnalyticsListener.EVENT_AUDIO_ENABLED, com.google.android.exoplayer2.analytics.AnalyticsListener.EVENT_AUDIO_DECODER_INITIALIZED, com.google.android.exoplayer2.analytics.AnalyticsListener.EVENT_AUDIO_INPUT_FORMAT_CHANGED, com.google.android.exoplayer2.analytics.AnalyticsListener.EVENT_AUDIO_POSITION_ADVANCING, com.google.android.exoplayer2.analytics.AnalyticsListener.EVENT_AUDIO_UNDERRUN, com.google.android.exoplayer2.analytics.AnalyticsListener.EVENT_AUDIO_DECODER_RELEASED, com.google.android.exoplayer2.analytics.AnalyticsListener.EVENT_AUDIO_DISABLED, com.google.android.exoplayer2.analytics.AnalyticsListener.EVENT_AUDIO_SESSION_ID, com.google.android.exoplayer2.analytics.AnalyticsListener.EVENT_AUDIO_ATTRIBUTES_CHANGED, com.google.android.exoplayer2.analytics.AnalyticsListener.EVENT_SKIP_SILENCE_ENABLED_CHANGED, com.google.android.exoplayer2.analytics.AnalyticsListener.EVENT_AUDIO_SINK_ERROR, com.google.android.exoplayer2.analytics.AnalyticsListener.EVENT_VOLUME_CHANGED, com.google.android.exoplayer2.analytics.AnalyticsListener.EVENT_VIDEO_ENABLED, com.google.android.exoplayer2.analytics.AnalyticsListener.EVENT_VIDEO_DECODER_INITIALIZED, com.google.android.exoplayer2.analytics.AnalyticsListener.EVENT_VIDEO_INPUT_FORMAT_CHANGED, com.google.android.exoplayer2.analytics.AnalyticsListener.EVENT_DROPPED_VIDEO_FRAMES, com.google.android.exoplayer2.analytics.AnalyticsListener.EVENT_VIDEO_DECODER_RELEASED, com.google.android.exoplayer2.analytics.AnalyticsListener.EVENT_VIDEO_DISABLED, com.google.android.exoplayer2.analytics.AnalyticsListener.EVENT_VIDEO_FRAME_PROCESSING_OFFSET, com.google.android.exoplayer2.analytics.AnalyticsListener.EVENT_RENDERED_FIRST_FRAME, com.google.android.exoplayer2.analytics.AnalyticsListener.EVENT_VIDEO_SIZE_CHANGED, com.google.android.exoplayer2.analytics.AnalyticsListener.EVENT_SURFACE_SIZE_CHANGED, com.google.android.exoplayer2.analytics.AnalyticsListener.EVENT_DRM_SESSION_ACQUIRED, com.google.android.exoplayer2.analytics.AnalyticsListener.EVENT_DRM_KEYS_LOADED, com.google.android.exoplayer2.analytics.AnalyticsListener.EVENT_DRM_SESSION_MANAGER_ERROR, com.google.android.exoplayer2.analytics.AnalyticsListener.EVENT_DRM_KEYS_RESTORED, com.google.android.exoplayer2.analytics.AnalyticsListener.EVENT_DRM_KEYS_REMOVED, com.google.android.exoplayer2.analytics.AnalyticsListener.EVENT_DRM_SESSION_RELEASED, com.google.android.exoplayer2.analytics.AnalyticsListener.EVENT_PLAYER_RELEASED, com.google.android.exoplayer2.analytics.AnalyticsListener.EVENT_AUDIO_CODEC_ERROR, com.google.android.exoplayer2.analytics.AnalyticsListener.EVENT_VIDEO_CODEC_ERROR}" />
    </annotation>
  </item>
  <item name="com.google.android.exoplayer2.analytics.AnalyticsListener.Events boolean contains(int) 0">
    <annotation name="androidx.annotation.IntDef">
      <val name="value" val="{com.google.android.exoplayer2.analytics.AnalyticsListener.EVENT_TIMELINE_CHANGED, com.google.android.exoplayer2.analytics.AnalyticsListener.EVENT_MEDIA_ITEM_TRANSITION, com.google.android.exoplayer2.analytics.AnalyticsListener.EVENT_TRACKS_CHANGED, com.google.android.exoplayer2.analytics.AnalyticsListener.EVENT_STATIC_METADATA_CHANGED, com.google.android.exoplayer2.analytics.AnalyticsListener.EVENT_IS_LOADING_CHANGED, com.google.android.exoplayer2.analytics.AnalyticsListener.EVENT_PLAYBACK_STATE_CHANGED, com.google.android.exoplayer2.analytics.AnalyticsListener.EVENT_PLAY_WHEN_READY_CHANGED, com.google.android.exoplayer2.analytics.AnalyticsListener.EVENT_PLAYBACK_SUPPRESSION_REASON_CHANGED, com.google.android.exoplayer2.analytics.AnalyticsListener.EVENT_IS_PLAYING_CHANGED, com.google.android.exoplayer2.analytics.AnalyticsListener.EVENT_REPEAT_MODE_CHANGED, com.google.android.exoplayer2.analytics.AnalyticsListener.EVENT_SHUFFLE_MODE_ENABLED_CHANGED, com.google.android.exoplayer2.analytics.AnalyticsListener.EVENT_PLAYER_ERROR, com.google.android.exoplayer2.analytics.AnalyticsListener.EVENT_POSITION_DISCONTINUITY, com.google.android.exoplayer2.analytics.AnalyticsListener.EVENT_PLAYBACK_PARAMETERS_CHANGED, com.google.android.exoplayer2.analytics.AnalyticsListener.EVENT_AVAILABLE_COMMANDS_CHANGED, com.google.android.exoplayer2.analytics.AnalyticsListener.EVENT_MEDIA_METADATA_CHANGED, com.google.android.exoplayer2.analytics.AnalyticsListener.EVENT_PLAYLIST_METADATA_CHANGED, com.google.android.exoplayer2.analytics.AnalyticsListener.EVENT_SEEK_BACK_INCREMENT_CHANGED, com.google.android.exoplayer2.analytics.AnalyticsListener.EVENT_SEEK_FORWARD_INCREMENT_CHANGED, com.google.android.exoplayer2.analytics.AnalyticsListener.EVENT_LOAD_STARTED, com.google.android.exoplayer2.analytics.AnalyticsListener.EVENT_LOAD_COMPLETED, com.google.android.exoplayer2.analytics.AnalyticsListener.EVENT_LOAD_CANCELED, com.google.android.exoplayer2.analytics.AnalyticsListener.EVENT_LOAD_ERROR, com.google.android.exoplayer2.analytics.AnalyticsListener.EVENT_DOWNSTREAM_FORMAT_CHANGED, com.google.android.exoplayer2.analytics.AnalyticsListener.EVENT_UPSTREAM_DISCARDED, com.google.android.exoplayer2.analytics.AnalyticsListener.EVENT_BANDWIDTH_ESTIMATE, com.google.android.exoplayer2.analytics.AnalyticsListener.EVENT_METADATA, com.google.android.exoplayer2.analytics.AnalyticsListener.EVENT_AUDIO_ENABLED, com.google.android.exoplayer2.analytics.AnalyticsListener.EVENT_AUDIO_DECODER_INITIALIZED, com.google.android.exoplayer2.analytics.AnalyticsListener.EVENT_AUDIO_INPUT_FORMAT_CHANGED, com.google.android.exoplayer2.analytics.AnalyticsListener.EVENT_AUDIO_POSITION_ADVANCING, com.google.android.exoplayer2.analytics.AnalyticsListener.EVENT_AUDIO_UNDERRUN, com.google.android.exoplayer2.analytics.AnalyticsListener.EVENT_AUDIO_DECODER_RELEASED, com.google.android.exoplayer2.analytics.AnalyticsListener.EVENT_AUDIO_DISABLED, com.google.android.exoplayer2.analytics.AnalyticsListener.EVENT_AUDIO_SESSION_ID, com.google.android.exoplayer2.analytics.AnalyticsListener.EVENT_AUDIO_ATTRIBUTES_CHANGED, com.google.android.exoplayer2.analytics.AnalyticsListener.EVENT_SKIP_SILENCE_ENABLED_CHANGED, com.google.android.exoplayer2.analytics.AnalyticsListener.EVENT_AUDIO_SINK_ERROR, com.google.android.exoplayer2.analytics.AnalyticsListener.EVENT_VOLUME_CHANGED, com.google.android.exoplayer2.analytics.AnalyticsListener.EVENT_VIDEO_ENABLED, com.google.android.exoplayer2.analytics.AnalyticsListener.EVENT_VIDEO_DECODER_INITIALIZED, com.google.android.exoplayer2.analytics.AnalyticsListener.EVENT_VIDEO_INPUT_FORMAT_CHANGED, com.google.android.exoplayer2.analytics.AnalyticsListener.EVENT_DROPPED_VIDEO_FRAMES, com.google.android.exoplayer2.analytics.AnalyticsListener.EVENT_VIDEO_DECODER_RELEASED, com.google.android.exoplayer2.analytics.AnalyticsListener.EVENT_VIDEO_DISABLED, com.google.android.exoplayer2.analytics.AnalyticsListener.EVENT_VIDEO_FRAME_PROCESSING_OFFSET, com.google.android.exoplayer2.analytics.AnalyticsListener.EVENT_RENDERED_FIRST_FRAME, com.google.android.exoplayer2.analytics.AnalyticsListener.EVENT_VIDEO_SIZE_CHANGED, com.google.android.exoplayer2.analytics.AnalyticsListener.EVENT_SURFACE_SIZE_CHANGED, com.google.android.exoplayer2.analytics.AnalyticsListener.EVENT_DRM_SESSION_ACQUIRED, com.google.android.exoplayer2.analytics.AnalyticsListener.EVENT_DRM_KEYS_LOADED, com.google.android.exoplayer2.analytics.AnalyticsListener.EVENT_DRM_SESSION_MANAGER_ERROR, com.google.android.exoplayer2.analytics.AnalyticsListener.EVENT_DRM_KEYS_RESTORED, com.google.android.exoplayer2.analytics.AnalyticsListener.EVENT_DRM_KEYS_REMOVED, com.google.android.exoplayer2.analytics.AnalyticsListener.EVENT_DRM_SESSION_RELEASED, com.google.android.exoplayer2.analytics.AnalyticsListener.EVENT_PLAYER_RELEASED, com.google.android.exoplayer2.analytics.AnalyticsListener.EVENT_AUDIO_CODEC_ERROR, com.google.android.exoplayer2.analytics.AnalyticsListener.EVENT_VIDEO_CODEC_ERROR}" />
    </annotation>
  </item>
  <item name="com.google.android.exoplayer2.analytics.AnalyticsListener.Events boolean containsAny(int...) 0">
    <annotation name="androidx.annotation.IntDef">
      <val name="value" val="{com.google.android.exoplayer2.analytics.AnalyticsListener.EVENT_TIMELINE_CHANGED, com.google.android.exoplayer2.analytics.AnalyticsListener.EVENT_MEDIA_ITEM_TRANSITION, com.google.android.exoplayer2.analytics.AnalyticsListener.EVENT_TRACKS_CHANGED, com.google.android.exoplayer2.analytics.AnalyticsListener.EVENT_STATIC_METADATA_CHANGED, com.google.android.exoplayer2.analytics.AnalyticsListener.EVENT_IS_LOADING_CHANGED, com.google.android.exoplayer2.analytics.AnalyticsListener.EVENT_PLAYBACK_STATE_CHANGED, com.google.android.exoplayer2.analytics.AnalyticsListener.EVENT_PLAY_WHEN_READY_CHANGED, com.google.android.exoplayer2.analytics.AnalyticsListener.EVENT_PLAYBACK_SUPPRESSION_REASON_CHANGED, com.google.android.exoplayer2.analytics.AnalyticsListener.EVENT_IS_PLAYING_CHANGED, com.google.android.exoplayer2.analytics.AnalyticsListener.EVENT_REPEAT_MODE_CHANGED, com.google.android.exoplayer2.analytics.AnalyticsListener.EVENT_SHUFFLE_MODE_ENABLED_CHANGED, com.google.android.exoplayer2.analytics.AnalyticsListener.EVENT_PLAYER_ERROR, com.google.android.exoplayer2.analytics.AnalyticsListener.EVENT_POSITION_DISCONTINUITY, com.google.android.exoplayer2.analytics.AnalyticsListener.EVENT_PLAYBACK_PARAMETERS_CHANGED, com.google.android.exoplayer2.analytics.AnalyticsListener.EVENT_AVAILABLE_COMMANDS_CHANGED, com.google.android.exoplayer2.analytics.AnalyticsListener.EVENT_MEDIA_METADATA_CHANGED, com.google.android.exoplayer2.analytics.AnalyticsListener.EVENT_PLAYLIST_METADATA_CHANGED, com.google.android.exoplayer2.analytics.AnalyticsListener.EVENT_SEEK_BACK_INCREMENT_CHANGED, com.google.android.exoplayer2.analytics.AnalyticsListener.EVENT_SEEK_FORWARD_INCREMENT_CHANGED, com.google.android.exoplayer2.analytics.AnalyticsListener.EVENT_LOAD_STARTED, com.google.android.exoplayer2.analytics.AnalyticsListener.EVENT_LOAD_COMPLETED, com.google.android.exoplayer2.analytics.AnalyticsListener.EVENT_LOAD_CANCELED, com.google.android.exoplayer2.analytics.AnalyticsListener.EVENT_LOAD_ERROR, com.google.android.exoplayer2.analytics.AnalyticsListener.EVENT_DOWNSTREAM_FORMAT_CHANGED, com.google.android.exoplayer2.analytics.AnalyticsListener.EVENT_UPSTREAM_DISCARDED, com.google.android.exoplayer2.analytics.AnalyticsListener.EVENT_BANDWIDTH_ESTIMATE, com.google.android.exoplayer2.analytics.AnalyticsListener.EVENT_METADATA, com.google.android.exoplayer2.analytics.AnalyticsListener.EVENT_AUDIO_ENABLED, com.google.android.exoplayer2.analytics.AnalyticsListener.EVENT_AUDIO_DECODER_INITIALIZED, com.google.android.exoplayer2.analytics.AnalyticsListener.EVENT_AUDIO_INPUT_FORMAT_CHANGED, com.google.android.exoplayer2.analytics.AnalyticsListener.EVENT_AUDIO_POSITION_ADVANCING, com.google.android.exoplayer2.analytics.AnalyticsListener.EVENT_AUDIO_UNDERRUN, com.google.android.exoplayer2.analytics.AnalyticsListener.EVENT_AUDIO_DECODER_RELEASED, com.google.android.exoplayer2.analytics.AnalyticsListener.EVENT_AUDIO_DISABLED, com.google.android.exoplayer2.analytics.AnalyticsListener.EVENT_AUDIO_SESSION_ID, com.google.android.exoplayer2.analytics.AnalyticsListener.EVENT_AUDIO_ATTRIBUTES_CHANGED, com.google.android.exoplayer2.analytics.AnalyticsListener.EVENT_SKIP_SILENCE_ENABLED_CHANGED, com.google.android.exoplayer2.analytics.AnalyticsListener.EVENT_AUDIO_SINK_ERROR, com.google.android.exoplayer2.analytics.AnalyticsListener.EVENT_VOLUME_CHANGED, com.google.android.exoplayer2.analytics.AnalyticsListener.EVENT_VIDEO_ENABLED, com.google.android.exoplayer2.analytics.AnalyticsListener.EVENT_VIDEO_DECODER_INITIALIZED, com.google.android.exoplayer2.analytics.AnalyticsListener.EVENT_VIDEO_INPUT_FORMAT_CHANGED, com.google.android.exoplayer2.analytics.AnalyticsListener.EVENT_DROPPED_VIDEO_FRAMES, com.google.android.exoplayer2.analytics.AnalyticsListener.EVENT_VIDEO_DECODER_RELEASED, com.google.android.exoplayer2.analytics.AnalyticsListener.EVENT_VIDEO_DISABLED, com.google.android.exoplayer2.analytics.AnalyticsListener.EVENT_VIDEO_FRAME_PROCESSING_OFFSET, com.google.android.exoplayer2.analytics.AnalyticsListener.EVENT_RENDERED_FIRST_FRAME, com.google.android.exoplayer2.analytics.AnalyticsListener.EVENT_VIDEO_SIZE_CHANGED, com.google.android.exoplayer2.analytics.AnalyticsListener.EVENT_SURFACE_SIZE_CHANGED, com.google.android.exoplayer2.analytics.AnalyticsListener.EVENT_DRM_SESSION_ACQUIRED, com.google.android.exoplayer2.analytics.AnalyticsListener.EVENT_DRM_KEYS_LOADED, com.google.android.exoplayer2.analytics.AnalyticsListener.EVENT_DRM_SESSION_MANAGER_ERROR, com.google.android.exoplayer2.analytics.AnalyticsListener.EVENT_DRM_KEYS_RESTORED, com.google.android.exoplayer2.analytics.AnalyticsListener.EVENT_DRM_KEYS_REMOVED, com.google.android.exoplayer2.analytics.AnalyticsListener.EVENT_DRM_SESSION_RELEASED, com.google.android.exoplayer2.analytics.AnalyticsListener.EVENT_PLAYER_RELEASED, com.google.android.exoplayer2.analytics.AnalyticsListener.EVENT_AUDIO_CODEC_ERROR, com.google.android.exoplayer2.analytics.AnalyticsListener.EVENT_VIDEO_CODEC_ERROR}" />
    </annotation>
  </item>
  <item name="com.google.android.exoplayer2.analytics.AnalyticsListener.Events com.google.android.exoplayer2.analytics.AnalyticsListener.EventTime getEventTime(int) 0">
    <annotation name="androidx.annotation.IntDef">
      <val name="value" val="{com.google.android.exoplayer2.analytics.AnalyticsListener.EVENT_TIMELINE_CHANGED, com.google.android.exoplayer2.analytics.AnalyticsListener.EVENT_MEDIA_ITEM_TRANSITION, com.google.android.exoplayer2.analytics.AnalyticsListener.EVENT_TRACKS_CHANGED, com.google.android.exoplayer2.analytics.AnalyticsListener.EVENT_STATIC_METADATA_CHANGED, com.google.android.exoplayer2.analytics.AnalyticsListener.EVENT_IS_LOADING_CHANGED, com.google.android.exoplayer2.analytics.AnalyticsListener.EVENT_PLAYBACK_STATE_CHANGED, com.google.android.exoplayer2.analytics.AnalyticsListener.EVENT_PLAY_WHEN_READY_CHANGED, com.google.android.exoplayer2.analytics.AnalyticsListener.EVENT_PLAYBACK_SUPPRESSION_REASON_CHANGED, com.google.android.exoplayer2.analytics.AnalyticsListener.EVENT_IS_PLAYING_CHANGED, com.google.android.exoplayer2.analytics.AnalyticsListener.EVENT_REPEAT_MODE_CHANGED, com.google.android.exoplayer2.analytics.AnalyticsListener.EVENT_SHUFFLE_MODE_ENABLED_CHANGED, com.google.android.exoplayer2.analytics.AnalyticsListener.EVENT_PLAYER_ERROR, com.google.android.exoplayer2.analytics.AnalyticsListener.EVENT_POSITION_DISCONTINUITY, com.google.android.exoplayer2.analytics.AnalyticsListener.EVENT_PLAYBACK_PARAMETERS_CHANGED, com.google.android.exoplayer2.analytics.AnalyticsListener.EVENT_AVAILABLE_COMMANDS_CHANGED, com.google.android.exoplayer2.analytics.AnalyticsListener.EVENT_MEDIA_METADATA_CHANGED, com.google.android.exoplayer2.analytics.AnalyticsListener.EVENT_PLAYLIST_METADATA_CHANGED, com.google.android.exoplayer2.analytics.AnalyticsListener.EVENT_SEEK_BACK_INCREMENT_CHANGED, com.google.android.exoplayer2.analytics.AnalyticsListener.EVENT_SEEK_FORWARD_INCREMENT_CHANGED, com.google.android.exoplayer2.analytics.AnalyticsListener.EVENT_LOAD_STARTED, com.google.android.exoplayer2.analytics.AnalyticsListener.EVENT_LOAD_COMPLETED, com.google.android.exoplayer2.analytics.AnalyticsListener.EVENT_LOAD_CANCELED, com.google.android.exoplayer2.analytics.AnalyticsListener.EVENT_LOAD_ERROR, com.google.android.exoplayer2.analytics.AnalyticsListener.EVENT_DOWNSTREAM_FORMAT_CHANGED, com.google.android.exoplayer2.analytics.AnalyticsListener.EVENT_UPSTREAM_DISCARDED, com.google.android.exoplayer2.analytics.AnalyticsListener.EVENT_BANDWIDTH_ESTIMATE, com.google.android.exoplayer2.analytics.AnalyticsListener.EVENT_METADATA, com.google.android.exoplayer2.analytics.AnalyticsListener.EVENT_AUDIO_ENABLED, com.google.android.exoplayer2.analytics.AnalyticsListener.EVENT_AUDIO_DECODER_INITIALIZED, com.google.android.exoplayer2.analytics.AnalyticsListener.EVENT_AUDIO_INPUT_FORMAT_CHANGED, com.google.android.exoplayer2.analytics.AnalyticsListener.EVENT_AUDIO_POSITION_ADVANCING, com.google.android.exoplayer2.analytics.AnalyticsListener.EVENT_AUDIO_UNDERRUN, com.google.android.exoplayer2.analytics.AnalyticsListener.EVENT_AUDIO_DECODER_RELEASED, com.google.android.exoplayer2.analytics.AnalyticsListener.EVENT_AUDIO_DISABLED, com.google.android.exoplayer2.analytics.AnalyticsListener.EVENT_AUDIO_SESSION_ID, com.google.android.exoplayer2.analytics.AnalyticsListener.EVENT_AUDIO_ATTRIBUTES_CHANGED, com.google.android.exoplayer2.analytics.AnalyticsListener.EVENT_SKIP_SILENCE_ENABLED_CHANGED, com.google.android.exoplayer2.analytics.AnalyticsListener.EVENT_AUDIO_SINK_ERROR, com.google.android.exoplayer2.analytics.AnalyticsListener.EVENT_VOLUME_CHANGED, com.google.android.exoplayer2.analytics.AnalyticsListener.EVENT_VIDEO_ENABLED, com.google.android.exoplayer2.analytics.AnalyticsListener.EVENT_VIDEO_DECODER_INITIALIZED, com.google.android.exoplayer2.analytics.AnalyticsListener.EVENT_VIDEO_INPUT_FORMAT_CHANGED, com.google.android.exoplayer2.analytics.AnalyticsListener.EVENT_DROPPED_VIDEO_FRAMES, com.google.android.exoplayer2.analytics.AnalyticsListener.EVENT_VIDEO_DECODER_RELEASED, com.google.android.exoplayer2.analytics.AnalyticsListener.EVENT_VIDEO_DISABLED, com.google.android.exoplayer2.analytics.AnalyticsListener.EVENT_VIDEO_FRAME_PROCESSING_OFFSET, com.google.android.exoplayer2.analytics.AnalyticsListener.EVENT_RENDERED_FIRST_FRAME, com.google.android.exoplayer2.analytics.AnalyticsListener.EVENT_VIDEO_SIZE_CHANGED, com.google.android.exoplayer2.analytics.AnalyticsListener.EVENT_SURFACE_SIZE_CHANGED, com.google.android.exoplayer2.analytics.AnalyticsListener.EVENT_DRM_SESSION_ACQUIRED, com.google.android.exoplayer2.analytics.AnalyticsListener.EVENT_DRM_KEYS_LOADED, com.google.android.exoplayer2.analytics.AnalyticsListener.EVENT_DRM_SESSION_MANAGER_ERROR, com.google.android.exoplayer2.analytics.AnalyticsListener.EVENT_DRM_KEYS_RESTORED, com.google.android.exoplayer2.analytics.AnalyticsListener.EVENT_DRM_KEYS_REMOVED, com.google.android.exoplayer2.analytics.AnalyticsListener.EVENT_DRM_SESSION_RELEASED, com.google.android.exoplayer2.analytics.AnalyticsListener.EVENT_PLAYER_RELEASED, com.google.android.exoplayer2.analytics.AnalyticsListener.EVENT_AUDIO_CODEC_ERROR, com.google.android.exoplayer2.analytics.AnalyticsListener.EVENT_VIDEO_CODEC_ERROR}" />
    </annotation>
  </item>
  <item name="com.google.android.exoplayer2.analytics.AnalyticsListener.Events int get(int)">
    <annotation name="androidx.annotation.IntDef">
      <val name="value" val="{com.google.android.exoplayer2.analytics.AnalyticsListener.EVENT_TIMELINE_CHANGED, com.google.android.exoplayer2.analytics.AnalyticsListener.EVENT_MEDIA_ITEM_TRANSITION, com.google.android.exoplayer2.analytics.AnalyticsListener.EVENT_TRACKS_CHANGED, com.google.android.exoplayer2.analytics.AnalyticsListener.EVENT_STATIC_METADATA_CHANGED, com.google.android.exoplayer2.analytics.AnalyticsListener.EVENT_IS_LOADING_CHANGED, com.google.android.exoplayer2.analytics.AnalyticsListener.EVENT_PLAYBACK_STATE_CHANGED, com.google.android.exoplayer2.analytics.AnalyticsListener.EVENT_PLAY_WHEN_READY_CHANGED, com.google.android.exoplayer2.analytics.AnalyticsListener.EVENT_PLAYBACK_SUPPRESSION_REASON_CHANGED, com.google.android.exoplayer2.analytics.AnalyticsListener.EVENT_IS_PLAYING_CHANGED, com.google.android.exoplayer2.analytics.AnalyticsListener.EVENT_REPEAT_MODE_CHANGED, com.google.android.exoplayer2.analytics.AnalyticsListener.EVENT_SHUFFLE_MODE_ENABLED_CHANGED, com.google.android.exoplayer2.analytics.AnalyticsListener.EVENT_PLAYER_ERROR, com.google.android.exoplayer2.analytics.AnalyticsListener.EVENT_POSITION_DISCONTINUITY, com.google.android.exoplayer2.analytics.AnalyticsListener.EVENT_PLAYBACK_PARAMETERS_CHANGED, com.google.android.exoplayer2.analytics.AnalyticsListener.EVENT_AVAILABLE_COMMANDS_CHANGED, com.google.android.exoplayer2.analytics.AnalyticsListener.EVENT_MEDIA_METADATA_CHANGED, com.google.android.exoplayer2.analytics.AnalyticsListener.EVENT_PLAYLIST_METADATA_CHANGED, com.google.android.exoplayer2.analytics.AnalyticsListener.EVENT_SEEK_BACK_INCREMENT_CHANGED, com.google.android.exoplayer2.analytics.AnalyticsListener.EVENT_SEEK_FORWARD_INCREMENT_CHANGED, com.google.android.exoplayer2.analytics.AnalyticsListener.EVENT_LOAD_STARTED, com.google.android.exoplayer2.analytics.AnalyticsListener.EVENT_LOAD_COMPLETED, com.google.android.exoplayer2.analytics.AnalyticsListener.EVENT_LOAD_CANCELED, com.google.android.exoplayer2.analytics.AnalyticsListener.EVENT_LOAD_ERROR, com.google.android.exoplayer2.analytics.AnalyticsListener.EVENT_DOWNSTREAM_FORMAT_CHANGED, com.google.android.exoplayer2.analytics.AnalyticsListener.EVENT_UPSTREAM_DISCARDED, com.google.android.exoplayer2.analytics.AnalyticsListener.EVENT_BANDWIDTH_ESTIMATE, com.google.android.exoplayer2.analytics.AnalyticsListener.EVENT_METADATA, com.google.android.exoplayer2.analytics.AnalyticsListener.EVENT_AUDIO_ENABLED, com.google.android.exoplayer2.analytics.AnalyticsListener.EVENT_AUDIO_DECODER_INITIALIZED, com.google.android.exoplayer2.analytics.AnalyticsListener.EVENT_AUDIO_INPUT_FORMAT_CHANGED, com.google.android.exoplayer2.analytics.AnalyticsListener.EVENT_AUDIO_POSITION_ADVANCING, com.google.android.exoplayer2.analytics.AnalyticsListener.EVENT_AUDIO_UNDERRUN, com.google.android.exoplayer2.analytics.AnalyticsListener.EVENT_AUDIO_DECODER_RELEASED, com.google.android.exoplayer2.analytics.AnalyticsListener.EVENT_AUDIO_DISABLED, com.google.android.exoplayer2.analytics.AnalyticsListener.EVENT_AUDIO_SESSION_ID, com.google.android.exoplayer2.analytics.AnalyticsListener.EVENT_AUDIO_ATTRIBUTES_CHANGED, com.google.android.exoplayer2.analytics.AnalyticsListener.EVENT_SKIP_SILENCE_ENABLED_CHANGED, com.google.android.exoplayer2.analytics.AnalyticsListener.EVENT_AUDIO_SINK_ERROR, com.google.android.exoplayer2.analytics.AnalyticsListener.EVENT_VOLUME_CHANGED, com.google.android.exoplayer2.analytics.AnalyticsListener.EVENT_VIDEO_ENABLED, com.google.android.exoplayer2.analytics.AnalyticsListener.EVENT_VIDEO_DECODER_INITIALIZED, com.google.android.exoplayer2.analytics.AnalyticsListener.EVENT_VIDEO_INPUT_FORMAT_CHANGED, com.google.android.exoplayer2.analytics.AnalyticsListener.EVENT_DROPPED_VIDEO_FRAMES, com.google.android.exoplayer2.analytics.AnalyticsListener.EVENT_VIDEO_DECODER_RELEASED, com.google.android.exoplayer2.analytics.AnalyticsListener.EVENT_VIDEO_DISABLED, com.google.android.exoplayer2.analytics.AnalyticsListener.EVENT_VIDEO_FRAME_PROCESSING_OFFSET, com.google.android.exoplayer2.analytics.AnalyticsListener.EVENT_RENDERED_FIRST_FRAME, com.google.android.exoplayer2.analytics.AnalyticsListener.EVENT_VIDEO_SIZE_CHANGED, com.google.android.exoplayer2.analytics.AnalyticsListener.EVENT_SURFACE_SIZE_CHANGED, com.google.android.exoplayer2.analytics.AnalyticsListener.EVENT_DRM_SESSION_ACQUIRED, com.google.android.exoplayer2.analytics.AnalyticsListener.EVENT_DRM_KEYS_LOADED, com.google.android.exoplayer2.analytics.AnalyticsListener.EVENT_DRM_SESSION_MANAGER_ERROR, com.google.android.exoplayer2.analytics.AnalyticsListener.EVENT_DRM_KEYS_RESTORED, com.google.android.exoplayer2.analytics.AnalyticsListener.EVENT_DRM_KEYS_REMOVED, com.google.android.exoplayer2.analytics.AnalyticsListener.EVENT_DRM_SESSION_RELEASED, com.google.android.exoplayer2.analytics.AnalyticsListener.EVENT_PLAYER_RELEASED, com.google.android.exoplayer2.analytics.AnalyticsListener.EVENT_AUDIO_CODEC_ERROR, com.google.android.exoplayer2.analytics.AnalyticsListener.EVENT_VIDEO_CODEC_ERROR}" />
    </annotation>
  </item>
  <item name="com.google.android.exoplayer2.analytics.PlaybackStats int getPlaybackStateAtTime(long)">
    <annotation name="androidx.annotation.IntDef">
      <val name="value" val="{com.google.android.exoplayer2.analytics.PlaybackStats.PLAYBACK_STATE_NOT_STARTED, com.google.android.exoplayer2.analytics.PlaybackStats.PLAYBACK_STATE_JOINING_BACKGROUND, com.google.android.exoplayer2.analytics.PlaybackStats.PLAYBACK_STATE_JOINING_FOREGROUND, com.google.android.exoplayer2.analytics.PlaybackStats.PLAYBACK_STATE_PLAYING, com.google.android.exoplayer2.analytics.PlaybackStats.PLAYBACK_STATE_PAUSED, com.google.android.exoplayer2.analytics.PlaybackStats.PLAYBACK_STATE_SEEKING, com.google.android.exoplayer2.analytics.PlaybackStats.PLAYBACK_STATE_BUFFERING, com.google.android.exoplayer2.analytics.PlaybackStats.PLAYBACK_STATE_PAUSED_BUFFERING, com.google.android.exoplayer2.analytics.PlaybackStats.PLAYBACK_STATE_SUPPRESSED, com.google.android.exoplayer2.analytics.PlaybackStats.PLAYBACK_STATE_SUPPRESSED_BUFFERING, com.google.android.exoplayer2.analytics.PlaybackStats.PLAYBACK_STATE_ENDED, com.google.android.exoplayer2.analytics.PlaybackStats.PLAYBACK_STATE_STOPPED, com.google.android.exoplayer2.analytics.PlaybackStats.PLAYBACK_STATE_FAILED, com.google.android.exoplayer2.analytics.PlaybackStats.PLAYBACK_STATE_INTERRUPTED_BY_AD, com.google.android.exoplayer2.analytics.PlaybackStats.PLAYBACK_STATE_ABANDONED}" />
    </annotation>
  </item>
  <item name="com.google.android.exoplayer2.analytics.PlaybackStats long getPlaybackStateDurationMs(int) 0">
    <annotation name="androidx.annotation.IntDef">
      <val name="value" val="{com.google.android.exoplayer2.analytics.PlaybackStats.PLAYBACK_STATE_NOT_STARTED, com.google.android.exoplayer2.analytics.PlaybackStats.PLAYBACK_STATE_JOINING_BACKGROUND, com.google.android.exoplayer2.analytics.PlaybackStats.PLAYBACK_STATE_JOINING_FOREGROUND, com.google.android.exoplayer2.analytics.PlaybackStats.PLAYBACK_STATE_PLAYING, com.google.android.exoplayer2.analytics.PlaybackStats.PLAYBACK_STATE_PAUSED, com.google.android.exoplayer2.analytics.PlaybackStats.PLAYBACK_STATE_SEEKING, com.google.android.exoplayer2.analytics.PlaybackStats.PLAYBACK_STATE_BUFFERING, com.google.android.exoplayer2.analytics.PlaybackStats.PLAYBACK_STATE_PAUSED_BUFFERING, com.google.android.exoplayer2.analytics.PlaybackStats.PLAYBACK_STATE_SUPPRESSED, com.google.android.exoplayer2.analytics.PlaybackStats.PLAYBACK_STATE_SUPPRESSED_BUFFERING, com.google.android.exoplayer2.analytics.PlaybackStats.PLAYBACK_STATE_ENDED, com.google.android.exoplayer2.analytics.PlaybackStats.PLAYBACK_STATE_STOPPED, com.google.android.exoplayer2.analytics.PlaybackStats.PLAYBACK_STATE_FAILED, com.google.android.exoplayer2.analytics.PlaybackStats.PLAYBACK_STATE_INTERRUPTED_BY_AD, com.google.android.exoplayer2.analytics.PlaybackStats.PLAYBACK_STATE_ABANDONED}" />
    </annotation>
  </item>
  <item name="com.google.android.exoplayer2.analytics.PlaybackStats.EventTimeAndPlaybackState EventTimeAndPlaybackState(com.google.android.exoplayer2.analytics.AnalyticsListener.EventTime, int) 1">
    <annotation name="androidx.annotation.IntDef">
      <val name="value" val="{com.google.android.exoplayer2.analytics.PlaybackStats.PLAYBACK_STATE_NOT_STARTED, com.google.android.exoplayer2.analytics.PlaybackStats.PLAYBACK_STATE_JOINING_BACKGROUND, com.google.android.exoplayer2.analytics.PlaybackStats.PLAYBACK_STATE_JOINING_FOREGROUND, com.google.android.exoplayer2.analytics.PlaybackStats.PLAYBACK_STATE_PLAYING, com.google.android.exoplayer2.analytics.PlaybackStats.PLAYBACK_STATE_PAUSED, com.google.android.exoplayer2.analytics.PlaybackStats.PLAYBACK_STATE_SEEKING, com.google.android.exoplayer2.analytics.PlaybackStats.PLAYBACK_STATE_BUFFERING, com.google.android.exoplayer2.analytics.PlaybackStats.PLAYBACK_STATE_PAUSED_BUFFERING, com.google.android.exoplayer2.analytics.PlaybackStats.PLAYBACK_STATE_SUPPRESSED, com.google.android.exoplayer2.analytics.PlaybackStats.PLAYBACK_STATE_SUPPRESSED_BUFFERING, com.google.android.exoplayer2.analytics.PlaybackStats.PLAYBACK_STATE_ENDED, com.google.android.exoplayer2.analytics.PlaybackStats.PLAYBACK_STATE_STOPPED, com.google.android.exoplayer2.analytics.PlaybackStats.PLAYBACK_STATE_FAILED, com.google.android.exoplayer2.analytics.PlaybackStats.PLAYBACK_STATE_INTERRUPTED_BY_AD, com.google.android.exoplayer2.analytics.PlaybackStats.PLAYBACK_STATE_ABANDONED}" />
    </annotation>
  </item>
  <item name="com.google.android.exoplayer2.analytics.PlaybackStats.EventTimeAndPlaybackState playbackState">
    <annotation name="androidx.annotation.IntDef">
      <val name="value" val="{com.google.android.exoplayer2.analytics.PlaybackStats.PLAYBACK_STATE_NOT_STARTED, com.google.android.exoplayer2.analytics.PlaybackStats.PLAYBACK_STATE_JOINING_BACKGROUND, com.google.android.exoplayer2.analytics.PlaybackStats.PLAYBACK_STATE_JOINING_FOREGROUND, com.google.android.exoplayer2.analytics.PlaybackStats.PLAYBACK_STATE_PLAYING, com.google.android.exoplayer2.analytics.PlaybackStats.PLAYBACK_STATE_PAUSED, com.google.android.exoplayer2.analytics.PlaybackStats.PLAYBACK_STATE_SEEKING, com.google.android.exoplayer2.analytics.PlaybackStats.PLAYBACK_STATE_BUFFERING, com.google.android.exoplayer2.analytics.PlaybackStats.PLAYBACK_STATE_PAUSED_BUFFERING, com.google.android.exoplayer2.analytics.PlaybackStats.PLAYBACK_STATE_SUPPRESSED, com.google.android.exoplayer2.analytics.PlaybackStats.PLAYBACK_STATE_SUPPRESSED_BUFFERING, com.google.android.exoplayer2.analytics.PlaybackStats.PLAYBACK_STATE_ENDED, com.google.android.exoplayer2.analytics.PlaybackStats.PLAYBACK_STATE_STOPPED, com.google.android.exoplayer2.analytics.PlaybackStats.PLAYBACK_STATE_FAILED, com.google.android.exoplayer2.analytics.PlaybackStats.PLAYBACK_STATE_INTERRUPTED_BY_AD, com.google.android.exoplayer2.analytics.PlaybackStats.PLAYBACK_STATE_ABANDONED}" />
    </annotation>
  </item>
  <item name="com.google.android.exoplayer2.analytics.PlaybackStatsListener boolean hasEvent(com.google.android.exoplayer2.analytics.AnalyticsListener.Events, java.lang.String, int) 2">
    <annotation name="androidx.annotation.IntDef">
      <val name="value" val="{com.google.android.exoplayer2.analytics.AnalyticsListener.EVENT_TIMELINE_CHANGED, com.google.android.exoplayer2.analytics.AnalyticsListener.EVENT_MEDIA_ITEM_TRANSITION, com.google.android.exoplayer2.analytics.AnalyticsListener.EVENT_TRACKS_CHANGED, com.google.android.exoplayer2.analytics.AnalyticsListener.EVENT_STATIC_METADATA_CHANGED, com.google.android.exoplayer2.analytics.AnalyticsListener.EVENT_IS_LOADING_CHANGED, com.google.android.exoplayer2.analytics.AnalyticsListener.EVENT_PLAYBACK_STATE_CHANGED, com.google.android.exoplayer2.analytics.AnalyticsListener.EVENT_PLAY_WHEN_READY_CHANGED, com.google.android.exoplayer2.analytics.AnalyticsListener.EVENT_PLAYBACK_SUPPRESSION_REASON_CHANGED, com.google.android.exoplayer2.analytics.AnalyticsListener.EVENT_IS_PLAYING_CHANGED, com.google.android.exoplayer2.analytics.AnalyticsListener.EVENT_REPEAT_MODE_CHANGED, com.google.android.exoplayer2.analytics.AnalyticsListener.EVENT_SHUFFLE_MODE_ENABLED_CHANGED, com.google.android.exoplayer2.analytics.AnalyticsListener.EVENT_PLAYER_ERROR, com.google.android.exoplayer2.analytics.AnalyticsListener.EVENT_POSITION_DISCONTINUITY, com.google.android.exoplayer2.analytics.AnalyticsListener.EVENT_PLAYBACK_PARAMETERS_CHANGED, com.google.android.exoplayer2.analytics.AnalyticsListener.EVENT_AVAILABLE_COMMANDS_CHANGED, com.google.android.exoplayer2.analytics.AnalyticsListener.EVENT_MEDIA_METADATA_CHANGED, com.google.android.exoplayer2.analytics.AnalyticsListener.EVENT_PLAYLIST_METADATA_CHANGED, com.google.android.exoplayer2.analytics.AnalyticsListener.EVENT_SEEK_BACK_INCREMENT_CHANGED, com.google.android.exoplayer2.analytics.AnalyticsListener.EVENT_SEEK_FORWARD_INCREMENT_CHANGED, com.google.android.exoplayer2.analytics.AnalyticsListener.EVENT_LOAD_STARTED, com.google.android.exoplayer2.analytics.AnalyticsListener.EVENT_LOAD_COMPLETED, com.google.android.exoplayer2.analytics.AnalyticsListener.EVENT_LOAD_CANCELED, com.google.android.exoplayer2.analytics.AnalyticsListener.EVENT_LOAD_ERROR, com.google.android.exoplayer2.analytics.AnalyticsListener.EVENT_DOWNSTREAM_FORMAT_CHANGED, com.google.android.exoplayer2.analytics.AnalyticsListener.EVENT_UPSTREAM_DISCARDED, com.google.android.exoplayer2.analytics.AnalyticsListener.EVENT_BANDWIDTH_ESTIMATE, com.google.android.exoplayer2.analytics.AnalyticsListener.EVENT_METADATA, com.google.android.exoplayer2.analytics.AnalyticsListener.EVENT_AUDIO_ENABLED, com.google.android.exoplayer2.analytics.AnalyticsListener.EVENT_AUDIO_DECODER_INITIALIZED, com.google.android.exoplayer2.analytics.AnalyticsListener.EVENT_AUDIO_INPUT_FORMAT_CHANGED, com.google.android.exoplayer2.analytics.AnalyticsListener.EVENT_AUDIO_POSITION_ADVANCING, com.google.android.exoplayer2.analytics.AnalyticsListener.EVENT_AUDIO_UNDERRUN, com.google.android.exoplayer2.analytics.AnalyticsListener.EVENT_AUDIO_DECODER_RELEASED, com.google.android.exoplayer2.analytics.AnalyticsListener.EVENT_AUDIO_DISABLED, com.google.android.exoplayer2.analytics.AnalyticsListener.EVENT_AUDIO_SESSION_ID, com.google.android.exoplayer2.analytics.AnalyticsListener.EVENT_AUDIO_ATTRIBUTES_CHANGED, com.google.android.exoplayer2.analytics.AnalyticsListener.EVENT_SKIP_SILENCE_ENABLED_CHANGED, com.google.android.exoplayer2.analytics.AnalyticsListener.EVENT_AUDIO_SINK_ERROR, com.google.android.exoplayer2.analytics.AnalyticsListener.EVENT_VOLUME_CHANGED, com.google.android.exoplayer2.analytics.AnalyticsListener.EVENT_VIDEO_ENABLED, com.google.android.exoplayer2.analytics.AnalyticsListener.EVENT_VIDEO_DECODER_INITIALIZED, com.google.android.exoplayer2.analytics.AnalyticsListener.EVENT_VIDEO_INPUT_FORMAT_CHANGED, com.google.android.exoplayer2.analytics.AnalyticsListener.EVENT_DROPPED_VIDEO_FRAMES, com.google.android.exoplayer2.analytics.AnalyticsListener.EVENT_VIDEO_DECODER_RELEASED, com.google.android.exoplayer2.analytics.AnalyticsListener.EVENT_VIDEO_DISABLED, com.google.android.exoplayer2.analytics.AnalyticsListener.EVENT_VIDEO_FRAME_PROCESSING_OFFSET, com.google.android.exoplayer2.analytics.AnalyticsListener.EVENT_RENDERED_FIRST_FRAME, com.google.android.exoplayer2.analytics.AnalyticsListener.EVENT_VIDEO_SIZE_CHANGED, com.google.android.exoplayer2.analytics.AnalyticsListener.EVENT_SURFACE_SIZE_CHANGED, com.google.android.exoplayer2.analytics.AnalyticsListener.EVENT_DRM_SESSION_ACQUIRED, com.google.android.exoplayer2.analytics.AnalyticsListener.EVENT_DRM_KEYS_LOADED, com.google.android.exoplayer2.analytics.AnalyticsListener.EVENT_DRM_SESSION_MANAGER_ERROR, com.google.android.exoplayer2.analytics.AnalyticsListener.EVENT_DRM_KEYS_RESTORED, com.google.android.exoplayer2.analytics.AnalyticsListener.EVENT_DRM_KEYS_REMOVED, com.google.android.exoplayer2.analytics.AnalyticsListener.EVENT_DRM_SESSION_RELEASED, com.google.android.exoplayer2.analytics.AnalyticsListener.EVENT_PLAYER_RELEASED, com.google.android.exoplayer2.analytics.AnalyticsListener.EVENT_AUDIO_CODEC_ERROR, com.google.android.exoplayer2.analytics.AnalyticsListener.EVENT_VIDEO_CODEC_ERROR}" />
    </annotation>
  </item>
  <item name="com.google.android.exoplayer2.analytics.PlaybackStatsListener.PlaybackStatsTracker boolean isInvalidJoinTransition(int, int) 0">
    <annotation name="androidx.annotation.IntDef">
      <val name="value" val="{com.google.android.exoplayer2.analytics.PlaybackStats.PLAYBACK_STATE_NOT_STARTED, com.google.android.exoplayer2.analytics.PlaybackStats.PLAYBACK_STATE_JOINING_BACKGROUND, com.google.android.exoplayer2.analytics.PlaybackStats.PLAYBACK_STATE_JOINING_FOREGROUND, com.google.android.exoplayer2.analytics.PlaybackStats.PLAYBACK_STATE_PLAYING, com.google.android.exoplayer2.analytics.PlaybackStats.PLAYBACK_STATE_PAUSED, com.google.android.exoplayer2.analytics.PlaybackStats.PLAYBACK_STATE_SEEKING, com.google.android.exoplayer2.analytics.PlaybackStats.PLAYBACK_STATE_BUFFERING, com.google.android.exoplayer2.analytics.PlaybackStats.PLAYBACK_STATE_PAUSED_BUFFERING, com.google.android.exoplayer2.analytics.PlaybackStats.PLAYBACK_STATE_SUPPRESSED, com.google.android.exoplayer2.analytics.PlaybackStats.PLAYBACK_STATE_SUPPRESSED_BUFFERING, com.google.android.exoplayer2.analytics.PlaybackStats.PLAYBACK_STATE_ENDED, com.google.android.exoplayer2.analytics.PlaybackStats.PLAYBACK_STATE_STOPPED, com.google.android.exoplayer2.analytics.PlaybackStats.PLAYBACK_STATE_FAILED, com.google.android.exoplayer2.analytics.PlaybackStats.PLAYBACK_STATE_INTERRUPTED_BY_AD, com.google.android.exoplayer2.analytics.PlaybackStats.PLAYBACK_STATE_ABANDONED}" />
    </annotation>
  </item>
  <item name="com.google.android.exoplayer2.analytics.PlaybackStatsListener.PlaybackStatsTracker boolean isInvalidJoinTransition(int, int) 1">
    <annotation name="androidx.annotation.IntDef">
      <val name="value" val="{com.google.android.exoplayer2.analytics.PlaybackStats.PLAYBACK_STATE_NOT_STARTED, com.google.android.exoplayer2.analytics.PlaybackStats.PLAYBACK_STATE_JOINING_BACKGROUND, com.google.android.exoplayer2.analytics.PlaybackStats.PLAYBACK_STATE_JOINING_FOREGROUND, com.google.android.exoplayer2.analytics.PlaybackStats.PLAYBACK_STATE_PLAYING, com.google.android.exoplayer2.analytics.PlaybackStats.PLAYBACK_STATE_PAUSED, com.google.android.exoplayer2.analytics.PlaybackStats.PLAYBACK_STATE_SEEKING, com.google.android.exoplayer2.analytics.PlaybackStats.PLAYBACK_STATE_BUFFERING, com.google.android.exoplayer2.analytics.PlaybackStats.PLAYBACK_STATE_PAUSED_BUFFERING, com.google.android.exoplayer2.analytics.PlaybackStats.PLAYBACK_STATE_SUPPRESSED, com.google.android.exoplayer2.analytics.PlaybackStats.PLAYBACK_STATE_SUPPRESSED_BUFFERING, com.google.android.exoplayer2.analytics.PlaybackStats.PLAYBACK_STATE_ENDED, com.google.android.exoplayer2.analytics.PlaybackStats.PLAYBACK_STATE_STOPPED, com.google.android.exoplayer2.analytics.PlaybackStats.PLAYBACK_STATE_FAILED, com.google.android.exoplayer2.analytics.PlaybackStats.PLAYBACK_STATE_INTERRUPTED_BY_AD, com.google.android.exoplayer2.analytics.PlaybackStats.PLAYBACK_STATE_ABANDONED}" />
    </annotation>
  </item>
  <item name="com.google.android.exoplayer2.analytics.PlaybackStatsListener.PlaybackStatsTracker boolean isPausedState(int) 0">
    <annotation name="androidx.annotation.IntDef">
      <val name="value" val="{com.google.android.exoplayer2.analytics.PlaybackStats.PLAYBACK_STATE_NOT_STARTED, com.google.android.exoplayer2.analytics.PlaybackStats.PLAYBACK_STATE_JOINING_BACKGROUND, com.google.android.exoplayer2.analytics.PlaybackStats.PLAYBACK_STATE_JOINING_FOREGROUND, com.google.android.exoplayer2.analytics.PlaybackStats.PLAYBACK_STATE_PLAYING, com.google.android.exoplayer2.analytics.PlaybackStats.PLAYBACK_STATE_PAUSED, com.google.android.exoplayer2.analytics.PlaybackStats.PLAYBACK_STATE_SEEKING, com.google.android.exoplayer2.analytics.PlaybackStats.PLAYBACK_STATE_BUFFERING, com.google.android.exoplayer2.analytics.PlaybackStats.PLAYBACK_STATE_PAUSED_BUFFERING, com.google.android.exoplayer2.analytics.PlaybackStats.PLAYBACK_STATE_SUPPRESSED, com.google.android.exoplayer2.analytics.PlaybackStats.PLAYBACK_STATE_SUPPRESSED_BUFFERING, com.google.android.exoplayer2.analytics.PlaybackStats.PLAYBACK_STATE_ENDED, com.google.android.exoplayer2.analytics.PlaybackStats.PLAYBACK_STATE_STOPPED, com.google.android.exoplayer2.analytics.PlaybackStats.PLAYBACK_STATE_FAILED, com.google.android.exoplayer2.analytics.PlaybackStats.PLAYBACK_STATE_INTERRUPTED_BY_AD, com.google.android.exoplayer2.analytics.PlaybackStats.PLAYBACK_STATE_ABANDONED}" />
    </annotation>
  </item>
  <item name="com.google.android.exoplayer2.analytics.PlaybackStatsListener.PlaybackStatsTracker boolean isReadyState(int) 0">
    <annotation name="androidx.annotation.IntDef">
      <val name="value" val="{com.google.android.exoplayer2.analytics.PlaybackStats.PLAYBACK_STATE_NOT_STARTED, com.google.android.exoplayer2.analytics.PlaybackStats.PLAYBACK_STATE_JOINING_BACKGROUND, com.google.android.exoplayer2.analytics.PlaybackStats.PLAYBACK_STATE_JOINING_FOREGROUND, com.google.android.exoplayer2.analytics.PlaybackStats.PLAYBACK_STATE_PLAYING, com.google.android.exoplayer2.analytics.PlaybackStats.PLAYBACK_STATE_PAUSED, com.google.android.exoplayer2.analytics.PlaybackStats.PLAYBACK_STATE_SEEKING, com.google.android.exoplayer2.analytics.PlaybackStats.PLAYBACK_STATE_BUFFERING, com.google.android.exoplayer2.analytics.PlaybackStats.PLAYBACK_STATE_PAUSED_BUFFERING, com.google.android.exoplayer2.analytics.PlaybackStats.PLAYBACK_STATE_SUPPRESSED, com.google.android.exoplayer2.analytics.PlaybackStats.PLAYBACK_STATE_SUPPRESSED_BUFFERING, com.google.android.exoplayer2.analytics.PlaybackStats.PLAYBACK_STATE_ENDED, com.google.android.exoplayer2.analytics.PlaybackStats.PLAYBACK_STATE_STOPPED, com.google.android.exoplayer2.analytics.PlaybackStats.PLAYBACK_STATE_FAILED, com.google.android.exoplayer2.analytics.PlaybackStats.PLAYBACK_STATE_INTERRUPTED_BY_AD, com.google.android.exoplayer2.analytics.PlaybackStats.PLAYBACK_STATE_ABANDONED}" />
    </annotation>
  </item>
  <item name="com.google.android.exoplayer2.analytics.PlaybackStatsListener.PlaybackStatsTracker boolean isRebufferingState(int) 0">
    <annotation name="androidx.annotation.IntDef">
      <val name="value" val="{com.google.android.exoplayer2.analytics.PlaybackStats.PLAYBACK_STATE_NOT_STARTED, com.google.android.exoplayer2.analytics.PlaybackStats.PLAYBACK_STATE_JOINING_BACKGROUND, com.google.android.exoplayer2.analytics.PlaybackStats.PLAYBACK_STATE_JOINING_FOREGROUND, com.google.android.exoplayer2.analytics.PlaybackStats.PLAYBACK_STATE_PLAYING, com.google.android.exoplayer2.analytics.PlaybackStats.PLAYBACK_STATE_PAUSED, com.google.android.exoplayer2.analytics.PlaybackStats.PLAYBACK_STATE_SEEKING, com.google.android.exoplayer2.analytics.PlaybackStats.PLAYBACK_STATE_BUFFERING, com.google.android.exoplayer2.analytics.PlaybackStats.PLAYBACK_STATE_PAUSED_BUFFERING, com.google.android.exoplayer2.analytics.PlaybackStats.PLAYBACK_STATE_SUPPRESSED, com.google.android.exoplayer2.analytics.PlaybackStats.PLAYBACK_STATE_SUPPRESSED_BUFFERING, com.google.android.exoplayer2.analytics.PlaybackStats.PLAYBACK_STATE_ENDED, com.google.android.exoplayer2.analytics.PlaybackStats.PLAYBACK_STATE_STOPPED, com.google.android.exoplayer2.analytics.PlaybackStats.PLAYBACK_STATE_FAILED, com.google.android.exoplayer2.analytics.PlaybackStats.PLAYBACK_STATE_INTERRUPTED_BY_AD, com.google.android.exoplayer2.analytics.PlaybackStats.PLAYBACK_STATE_ABANDONED}" />
    </annotation>
  </item>
  <item name="com.google.android.exoplayer2.analytics.PlaybackStatsListener.PlaybackStatsTracker currentPlaybackState">
    <annotation name="androidx.annotation.IntDef">
      <val name="value" val="{com.google.android.exoplayer2.analytics.PlaybackStats.PLAYBACK_STATE_NOT_STARTED, com.google.android.exoplayer2.analytics.PlaybackStats.PLAYBACK_STATE_JOINING_BACKGROUND, com.google.android.exoplayer2.analytics.PlaybackStats.PLAYBACK_STATE_JOINING_FOREGROUND, com.google.android.exoplayer2.analytics.PlaybackStats.PLAYBACK_STATE_PLAYING, com.google.android.exoplayer2.analytics.PlaybackStats.PLAYBACK_STATE_PAUSED, com.google.android.exoplayer2.analytics.PlaybackStats.PLAYBACK_STATE_SEEKING, com.google.android.exoplayer2.analytics.PlaybackStats.PLAYBACK_STATE_BUFFERING, com.google.android.exoplayer2.analytics.PlaybackStats.PLAYBACK_STATE_PAUSED_BUFFERING, com.google.android.exoplayer2.analytics.PlaybackStats.PLAYBACK_STATE_SUPPRESSED, com.google.android.exoplayer2.analytics.PlaybackStats.PLAYBACK_STATE_SUPPRESSED_BUFFERING, com.google.android.exoplayer2.analytics.PlaybackStats.PLAYBACK_STATE_ENDED, com.google.android.exoplayer2.analytics.PlaybackStats.PLAYBACK_STATE_STOPPED, com.google.android.exoplayer2.analytics.PlaybackStats.PLAYBACK_STATE_FAILED, com.google.android.exoplayer2.analytics.PlaybackStats.PLAYBACK_STATE_INTERRUPTED_BY_AD, com.google.android.exoplayer2.analytics.PlaybackStats.PLAYBACK_STATE_ABANDONED}" />
    </annotation>
  </item>
  <item name="com.google.android.exoplayer2.analytics.PlaybackStatsListener.PlaybackStatsTracker int resolveNewPlaybackState(com.google.android.exoplayer2.Player)">
    <annotation name="androidx.annotation.IntDef">
      <val name="value" val="{com.google.android.exoplayer2.analytics.PlaybackStats.PLAYBACK_STATE_NOT_STARTED, com.google.android.exoplayer2.analytics.PlaybackStats.PLAYBACK_STATE_JOINING_BACKGROUND, com.google.android.exoplayer2.analytics.PlaybackStats.PLAYBACK_STATE_JOINING_FOREGROUND, com.google.android.exoplayer2.analytics.PlaybackStats.PLAYBACK_STATE_PLAYING, com.google.android.exoplayer2.analytics.PlaybackStats.PLAYBACK_STATE_PAUSED, com.google.android.exoplayer2.analytics.PlaybackStats.PLAYBACK_STATE_SEEKING, com.google.android.exoplayer2.analytics.PlaybackStats.PLAYBACK_STATE_BUFFERING, com.google.android.exoplayer2.analytics.PlaybackStats.PLAYBACK_STATE_PAUSED_BUFFERING, com.google.android.exoplayer2.analytics.PlaybackStats.PLAYBACK_STATE_SUPPRESSED, com.google.android.exoplayer2.analytics.PlaybackStats.PLAYBACK_STATE_SUPPRESSED_BUFFERING, com.google.android.exoplayer2.analytics.PlaybackStats.PLAYBACK_STATE_ENDED, com.google.android.exoplayer2.analytics.PlaybackStats.PLAYBACK_STATE_STOPPED, com.google.android.exoplayer2.analytics.PlaybackStats.PLAYBACK_STATE_FAILED, com.google.android.exoplayer2.analytics.PlaybackStats.PLAYBACK_STATE_INTERRUPTED_BY_AD, com.google.android.exoplayer2.analytics.PlaybackStats.PLAYBACK_STATE_ABANDONED}" />
    </annotation>
  </item>
  <item name="com.google.android.exoplayer2.analytics.PlaybackStatsListener.PlaybackStatsTracker void updatePlaybackState(int, com.google.android.exoplayer2.analytics.AnalyticsListener.EventTime) 0">
    <annotation name="androidx.annotation.IntDef">
      <val name="value" val="{com.google.android.exoplayer2.analytics.PlaybackStats.PLAYBACK_STATE_NOT_STARTED, com.google.android.exoplayer2.analytics.PlaybackStats.PLAYBACK_STATE_JOINING_BACKGROUND, com.google.android.exoplayer2.analytics.PlaybackStats.PLAYBACK_STATE_JOINING_FOREGROUND, com.google.android.exoplayer2.analytics.PlaybackStats.PLAYBACK_STATE_PLAYING, com.google.android.exoplayer2.analytics.PlaybackStats.PLAYBACK_STATE_PAUSED, com.google.android.exoplayer2.analytics.PlaybackStats.PLAYBACK_STATE_SEEKING, com.google.android.exoplayer2.analytics.PlaybackStats.PLAYBACK_STATE_BUFFERING, com.google.android.exoplayer2.analytics.PlaybackStats.PLAYBACK_STATE_PAUSED_BUFFERING, com.google.android.exoplayer2.analytics.PlaybackStats.PLAYBACK_STATE_SUPPRESSED, com.google.android.exoplayer2.analytics.PlaybackStats.PLAYBACK_STATE_SUPPRESSED_BUFFERING, com.google.android.exoplayer2.analytics.PlaybackStats.PLAYBACK_STATE_ENDED, com.google.android.exoplayer2.analytics.PlaybackStats.PLAYBACK_STATE_STOPPED, com.google.android.exoplayer2.analytics.PlaybackStats.PLAYBACK_STATE_FAILED, com.google.android.exoplayer2.analytics.PlaybackStats.PLAYBACK_STATE_INTERRUPTED_BY_AD, com.google.android.exoplayer2.analytics.PlaybackStats.PLAYBACK_STATE_ABANDONED}" />
    </annotation>
  </item>
</root>

