<?xml version="1.0" encoding="UTF-8"?>
<root>
  <item name="com.google.android.exoplayer2.source.ads.AdsMediaSource.AdLoadException AdLoadException(int, java.lang.Exception) 0">
    <annotation name="androidx.annotation.IntDef">
      <val name="value" val="{com.google.android.exoplayer2.source.ads.AdsMediaSource.AdLoadException.TYPE_AD, com.google.android.exoplayer2.source.ads.AdsMediaSource.AdLoadException.TYPE_AD_GROUP, com.google.android.exoplayer2.source.ads.AdsMediaSource.AdLoadException.TYPE_ALL_ADS, com.google.android.exoplayer2.source.ads.AdsMediaSource.AdLoadException.TYPE_UNEXPECTED}" />
    </annotation>
  </item>
  <item name="com.google.android.exoplayer2.source.ads.AdsMediaSource.AdLoadException type">
    <annotation name="androidx.annotation.IntDef">
      <val name="value" val="{com.google.android.exoplayer2.source.ads.AdsMediaSource.AdLoadException.TYPE_AD, com.google.android.exoplayer2.source.ads.AdsMediaSource.AdLoadException.TYPE_AD_GROUP, com.google.android.exoplayer2.source.ads.AdsMediaSource.AdLoadException.TYPE_ALL_ADS, com.google.android.exoplayer2.source.ads.AdsMediaSource.AdLoadException.TYPE_UNEXPECTED}" />
    </annotation>
  </item>
  <item name="com.google.android.exoplayer2.source.ads.AdsMediaSource.AdLoadException.Type">
    <annotation name="androidx.annotation.IntDef">
      <val name="value" val="{com.google.android.exoplayer2.source.ads.AdsMediaSource.AdLoadException.TYPE_AD, com.google.android.exoplayer2.source.ads.AdsMediaSource.AdLoadException.TYPE_AD_GROUP, com.google.android.exoplayer2.source.ads.AdsMediaSource.AdLoadException.TYPE_ALL_ADS, com.google.android.exoplayer2.source.ads.AdsMediaSource.AdLoadException.TYPE_UNEXPECTED}" />
    </annotation>
  </item>
  <item name="com.google.android.exoplayer2.source.ads.ServerSideInsertedAdsMediaSource void onDrmSessionAcquired(int, com.google.android.exoplayer2.source.MediaSource.MediaPeriodId, int) 2">
    <annotation name="androidx.annotation.IntDef">
      <val name="value" val="{com.google.android.exoplayer2.drm.DrmSession.STATE_RELEASED, com.google.android.exoplayer2.drm.DrmSession.STATE_ERROR, com.google.android.exoplayer2.drm.DrmSession.STATE_OPENING, com.google.android.exoplayer2.drm.DrmSession.STATE_OPENED, com.google.android.exoplayer2.drm.DrmSession.STATE_OPENED_WITH_KEYS}" />
    </annotation>
  </item>
  <item name="com.google.android.exoplayer2.source.ads.ServerSideInsertedAdsMediaSource.SampleStreamImpl int readData(com.google.android.exoplayer2.FormatHolder, com.google.android.exoplayer2.decoder.DecoderInputBuffer, int)">
    <annotation name="androidx.annotation.IntDef">
      <val name="value" val="{com.google.android.exoplayer2.C.RESULT_NOTHING_READ, com.google.android.exoplayer2.C.RESULT_FORMAT_READ, com.google.android.exoplayer2.C.RESULT_BUFFER_READ}" />
    </annotation>
  </item>
  <item name="com.google.android.exoplayer2.source.ads.ServerSideInsertedAdsMediaSource.SampleStreamImpl int readData(com.google.android.exoplayer2.FormatHolder, com.google.android.exoplayer2.decoder.DecoderInputBuffer, int) 2">
    <annotation name="androidx.annotation.IntDef">
      <val name="flag" val="true" />
      <val name="value" val="{com.google.android.exoplayer2.source.SampleStream.FLAG_PEEK, com.google.android.exoplayer2.source.SampleStream.FLAG_REQUIRE_FORMAT, com.google.android.exoplayer2.source.SampleStream.FLAG_OMIT_SAMPLE_DATA}" />
    </annotation>
  </item>
  <item name="com.google.android.exoplayer2.source.ads.ServerSideInsertedAdsMediaSource.SharedMediaPeriod int readData(com.google.android.exoplayer2.source.ads.ServerSideInsertedAdsMediaSource.MediaPeriodImpl, int, com.google.android.exoplayer2.FormatHolder, com.google.android.exoplayer2.decoder.DecoderInputBuffer, int)">
    <annotation name="androidx.annotation.IntDef">
      <val name="value" val="{com.google.android.exoplayer2.C.RESULT_NOTHING_READ, com.google.android.exoplayer2.C.RESULT_FORMAT_READ, com.google.android.exoplayer2.C.RESULT_BUFFER_READ}" />
    </annotation>
  </item>
  <item name="com.google.android.exoplayer2.source.ads.ServerSideInsertedAdsMediaSource.SharedMediaPeriod int readData(com.google.android.exoplayer2.source.ads.ServerSideInsertedAdsMediaSource.MediaPeriodImpl, int, com.google.android.exoplayer2.FormatHolder, com.google.android.exoplayer2.decoder.DecoderInputBuffer, int) 4">
    <annotation name="androidx.annotation.IntDef">
      <val name="flag" val="true" />
      <val name="value" val="{com.google.android.exoplayer2.source.SampleStream.FLAG_PEEK, com.google.android.exoplayer2.source.SampleStream.FLAG_REQUIRE_FORMAT, com.google.android.exoplayer2.source.SampleStream.FLAG_OMIT_SAMPLE_DATA}" />
    </annotation>
  </item>
</root>

