<?xml version="1.0" encoding="UTF-8"?>
<root>
  <item name="com.google.android.exoplayer2.device.DeviceInfo DeviceInfo(int, int, int) 0">
    <annotation name="androidx.annotation.IntDef">
      <val name="value" val="{com.google.android.exoplayer2.device.DeviceInfo.PLAYBACK_TYPE_LOCAL, com.google.android.exoplayer2.device.DeviceInfo.PLAYBACK_TYPE_REMOTE}" />
    </annotation>
  </item>
  <item name="com.google.android.exoplayer2.device.DeviceInfo java.lang.String keyForField(int) 0">
    <annotation name="androidx.annotation.IntDef">
      <val name="value" val="{com.google.android.exoplayer2.device.DeviceInfo.FIELD_PLAYBACK_TYPE, com.google.android.exoplayer2.device.DeviceInfo.FIELD_MIN_VOLUME, com.google.android.exoplayer2.device.DeviceInfo.FIELD_MAX_VOLUME}" />
    </annotation>
  </item>
  <item name="com.google.android.exoplayer2.device.DeviceInfo playbackType">
    <annotation name="androidx.annotation.IntDef">
      <val name="value" val="{com.google.android.exoplayer2.device.DeviceInfo.PLAYBACK_TYPE_LOCAL, com.google.android.exoplayer2.device.DeviceInfo.PLAYBACK_TYPE_REMOTE}" />
    </annotation>
  </item>
  <item name="com.google.android.exoplayer2.device.DeviceInfo.PlaybackType">
    <annotation name="androidx.annotation.IntDef">
      <val name="value" val="{com.google.android.exoplayer2.device.DeviceInfo.PLAYBACK_TYPE_LOCAL, com.google.android.exoplayer2.device.DeviceInfo.PLAYBACK_TYPE_REMOTE}" />
    </annotation>
  </item>
</root>

