<?xml version="1.0" encoding="UTF-8"?>
<root>
  <item name="com.google.android.exoplayer2.transformer.Transformer int getProgress(com.google.android.exoplayer2.transformer.ProgressHolder)">
    <annotation name="androidx.annotation.IntDef">
      <val name="value" val="{com.google.android.exoplayer2.transformer.Transformer.PROGRESS_STATE_WAITING_FOR_AVAILABILITY, com.google.android.exoplayer2.transformer.Transformer.PROGRESS_STATE_AVAILABLE, com.google.android.exoplayer2.transformer.Transformer.PROGRESS_STATE_UNAVAILABLE, com.google.android.exoplayer2.transformer.Transformer.PROGRESS_STATE_NO_TRANSFORMATION}" />
    </annotation>
  </item>
  <item name="com.google.android.exoplayer2.transformer.Transformer progressState">
    <annotation name="androidx.annotation.IntDef">
      <val name="value" val="{com.google.android.exoplayer2.transformer.Transformer.PROGRESS_STATE_WAITING_FOR_AVAILABILITY, com.google.android.exoplayer2.transformer.Transformer.PROGRESS_STATE_AVAILABLE, com.google.android.exoplayer2.transformer.Transformer.PROGRESS_STATE_UNAVAILABLE, com.google.android.exoplayer2.transformer.Transformer.PROGRESS_STATE_NO_TRANSFORMATION}" />
    </annotation>
  </item>
  <item name="com.google.android.exoplayer2.transformer.Transformer.ProgressState">
    <annotation name="androidx.annotation.IntDef">
      <val name="value" val="{com.google.android.exoplayer2.transformer.Transformer.PROGRESS_STATE_WAITING_FOR_AVAILABILITY, com.google.android.exoplayer2.transformer.Transformer.PROGRESS_STATE_AVAILABLE, com.google.android.exoplayer2.transformer.Transformer.PROGRESS_STATE_UNAVAILABLE, com.google.android.exoplayer2.transformer.Transformer.PROGRESS_STATE_NO_TRANSFORMATION}" />
    </annotation>
  </item>
</root>

