<?xml version="1.0" encoding="UTF-8"?>
<root>
  <item name="com.google.android.exoplayer2.util.EGLSurfaceTexture android.opengl.EGLContext createEGLContext(android.opengl.EGLDisplay, android.opengl.EGLConfig, int) 2">
    <annotation name="androidx.annotation.IntDef">
      <val name="value" val="{com.google.android.exoplayer2.util.EGLSurfaceTexture.SECURE_MODE_NONE, com.google.android.exoplayer2.util.EGLSurfaceTexture.SECURE_MODE_SURFACELESS_CONTEXT, com.google.android.exoplayer2.util.EGLSurfaceTexture.SECURE_MODE_PROTECTED_PBUFFER}" />
    </annotation>
  </item>
  <item name="com.google.android.exoplayer2.util.EGLSurfaceTexture android.opengl.EGLSurface createEGLSurface(android.opengl.EGLDisplay, android.opengl.EGLConfig, android.opengl.EGLContext, int) 3">
    <annotation name="androidx.annotation.IntDef">
      <val name="value" val="{com.google.android.exoplayer2.util.EGLSurfaceTexture.SECURE_MODE_NONE, com.google.android.exoplayer2.util.EGLSurfaceTexture.SECURE_MODE_SURFACELESS_CONTEXT, com.google.android.exoplayer2.util.EGLSurfaceTexture.SECURE_MODE_PROTECTED_PBUFFER}" />
    </annotation>
  </item>
  <item name="com.google.android.exoplayer2.util.EGLSurfaceTexture void init(int) 0">
    <annotation name="androidx.annotation.IntDef">
      <val name="value" val="{com.google.android.exoplayer2.util.EGLSurfaceTexture.SECURE_MODE_NONE, com.google.android.exoplayer2.util.EGLSurfaceTexture.SECURE_MODE_SURFACELESS_CONTEXT, com.google.android.exoplayer2.util.EGLSurfaceTexture.SECURE_MODE_PROTECTED_PBUFFER}" />
    </annotation>
  </item>
  <item name="com.google.android.exoplayer2.util.EGLSurfaceTexture.SecureMode">
    <annotation name="androidx.annotation.IntDef">
      <val name="value" val="{com.google.android.exoplayer2.util.EGLSurfaceTexture.SECURE_MODE_NONE, com.google.android.exoplayer2.util.EGLSurfaceTexture.SECURE_MODE_SURFACELESS_CONTEXT, com.google.android.exoplayer2.util.EGLSurfaceTexture.SECURE_MODE_PROTECTED_PBUFFER}" />
    </annotation>
  </item>
  <item name="com.google.android.exoplayer2.util.EventLogger java.lang.String getAdaptiveSupportString(int, int) 1">
    <annotation name="androidx.annotation.IntDef">
      <val name="value" val="{com.google.android.exoplayer2.RendererCapabilities.ADAPTIVE_SEAMLESS, com.google.android.exoplayer2.RendererCapabilities.ADAPTIVE_NOT_SEAMLESS, com.google.android.exoplayer2.RendererCapabilities.ADAPTIVE_NOT_SUPPORTED}" />
    </annotation>
  </item>
  <item name="com.google.android.exoplayer2.util.EventLogger void onDrmSessionAcquired(com.google.android.exoplayer2.analytics.AnalyticsListener.EventTime, int) 1">
    <annotation name="androidx.annotation.IntDef">
      <val name="value" val="{com.google.android.exoplayer2.drm.DrmSession.STATE_RELEASED, com.google.android.exoplayer2.drm.DrmSession.STATE_ERROR, com.google.android.exoplayer2.drm.DrmSession.STATE_OPENING, com.google.android.exoplayer2.drm.DrmSession.STATE_OPENED, com.google.android.exoplayer2.drm.DrmSession.STATE_OPENED_WITH_KEYS}" />
    </annotation>
  </item>
  <item name="com.google.android.exoplayer2.util.NotificationUtil void createNotificationChannel(android.content.Context, java.lang.String, int, int, int) 4">
    <annotation name="androidx.annotation.IntDef">
      <val name="value" val="{com.google.android.exoplayer2.util.NotificationUtil.IMPORTANCE_UNSPECIFIED, com.google.android.exoplayer2.util.NotificationUtil.IMPORTANCE_NONE, com.google.android.exoplayer2.util.NotificationUtil.IMPORTANCE_MIN, com.google.android.exoplayer2.util.NotificationUtil.IMPORTANCE_LOW, com.google.android.exoplayer2.util.NotificationUtil.IMPORTANCE_DEFAULT, com.google.android.exoplayer2.util.NotificationUtil.IMPORTANCE_HIGH}" />
    </annotation>
  </item>
  <item name="com.google.android.exoplayer2.util.NotificationUtil.Importance">
    <annotation name="androidx.annotation.IntDef">
      <val name="value" val="{com.google.android.exoplayer2.util.NotificationUtil.IMPORTANCE_UNSPECIFIED, com.google.android.exoplayer2.util.NotificationUtil.IMPORTANCE_NONE, com.google.android.exoplayer2.util.NotificationUtil.IMPORTANCE_MIN, com.google.android.exoplayer2.util.NotificationUtil.IMPORTANCE_LOW, com.google.android.exoplayer2.util.NotificationUtil.IMPORTANCE_DEFAULT, com.google.android.exoplayer2.util.NotificationUtil.IMPORTANCE_HIGH}" />
    </annotation>
  </item>
</root>

