<?xml version="1.0" encoding="UTF-8"?>
<root>
  <item name="com.google.android.exoplayer2.trackselection.DefaultTrackSelector android.util.Pair&lt;com.google.android.exoplayer2.RendererConfiguration[],com.google.android.exoplayer2.trackselection.ExoTrackSelection[]&gt; selectTracks(com.google.android.exoplayer2.trackselection.MappingTrackSelector.MappedTrackInfo, int[][][], int[], com.google.android.exoplayer2.source.MediaSource.MediaPeriodId, com.google.android.exoplayer2.Timeline) 1">
  </item>
  <item name="com.google.android.exoplayer2.trackselection.DefaultTrackSelector android.util.Pair&lt;com.google.android.exoplayer2.RendererConfiguration[],com.google.android.exoplayer2.trackselection.ExoTrackSelection[]&gt; selectTracks(com.google.android.exoplayer2.trackselection.MappingTrackSelector.MappedTrackInfo, int[][][], int[], com.google.android.exoplayer2.source.MediaSource.MediaPeriodId, com.google.android.exoplayer2.Timeline) 2">
    <annotation name="androidx.annotation.IntDef">
      <val name="value" val="{com.google.android.exoplayer2.RendererCapabilities.ADAPTIVE_SEAMLESS, com.google.android.exoplayer2.RendererCapabilities.ADAPTIVE_NOT_SEAMLESS, com.google.android.exoplayer2.RendererCapabilities.ADAPTIVE_NOT_SUPPORTED}" />
    </annotation>
  </item>
  <item name="com.google.android.exoplayer2.trackselection.DefaultTrackSelector android.util.Pair&lt;com.google.android.exoplayer2.trackselection.ExoTrackSelection.Definition,com.google.android.exoplayer2.trackselection.DefaultTrackSelector.AudioTrackScore&gt; selectAudioTrack(com.google.android.exoplayer2.source.TrackGroupArray, int[][], int, com.google.android.exoplayer2.trackselection.DefaultTrackSelector.Parameters, boolean) 1">
  </item>
  <item name="com.google.android.exoplayer2.trackselection.DefaultTrackSelector android.util.Pair&lt;com.google.android.exoplayer2.trackselection.ExoTrackSelection.Definition,com.google.android.exoplayer2.trackselection.DefaultTrackSelector.AudioTrackScore&gt; selectAudioTrack(com.google.android.exoplayer2.source.TrackGroupArray, int[][], int, com.google.android.exoplayer2.trackselection.DefaultTrackSelector.Parameters, boolean) 2">
    <annotation name="androidx.annotation.IntDef">
      <val name="value" val="{com.google.android.exoplayer2.RendererCapabilities.ADAPTIVE_SEAMLESS, com.google.android.exoplayer2.RendererCapabilities.ADAPTIVE_NOT_SEAMLESS, com.google.android.exoplayer2.RendererCapabilities.ADAPTIVE_NOT_SUPPORTED}" />
    </annotation>
  </item>
  <item name="com.google.android.exoplayer2.trackselection.DefaultTrackSelector android.util.Pair&lt;com.google.android.exoplayer2.trackselection.ExoTrackSelection.Definition,com.google.android.exoplayer2.trackselection.DefaultTrackSelector.TextTrackScore&gt; selectTextTrack(com.google.android.exoplayer2.source.TrackGroupArray, int[][], com.google.android.exoplayer2.trackselection.DefaultTrackSelector.Parameters, java.lang.String) 1">
  </item>
  <item name="com.google.android.exoplayer2.trackselection.DefaultTrackSelector boolean isSupported(int, boolean) 0">
  </item>
  <item name="com.google.android.exoplayer2.trackselection.DefaultTrackSelector boolean isSupportedAdaptiveAudioTrack(com.google.android.exoplayer2.Format, int, com.google.android.exoplayer2.Format, int, boolean, boolean, boolean) 1">
  </item>
  <item name="com.google.android.exoplayer2.trackselection.DefaultTrackSelector boolean isSupportedAdaptiveVideoTrack(com.google.android.exoplayer2.Format, java.lang.String, int, int, int, int, int, int, int, int, int, int) 2">
  </item>
  <item name="com.google.android.exoplayer2.trackselection.DefaultTrackSelector boolean rendererSupportsTunneling(int[][], com.google.android.exoplayer2.source.TrackGroupArray, com.google.android.exoplayer2.trackselection.ExoTrackSelection) 0">
  </item>
  <item name="com.google.android.exoplayer2.trackselection.DefaultTrackSelector com.google.android.exoplayer2.trackselection.ExoTrackSelection.Definition selectAdaptiveVideoTrack(com.google.android.exoplayer2.source.TrackGroupArray, int[][], int, com.google.android.exoplayer2.trackselection.DefaultTrackSelector.Parameters) 1">
  </item>
  <item name="com.google.android.exoplayer2.trackselection.DefaultTrackSelector com.google.android.exoplayer2.trackselection.ExoTrackSelection.Definition selectAdaptiveVideoTrack(com.google.android.exoplayer2.source.TrackGroupArray, int[][], int, com.google.android.exoplayer2.trackselection.DefaultTrackSelector.Parameters) 2">
    <annotation name="androidx.annotation.IntDef">
      <val name="value" val="{com.google.android.exoplayer2.RendererCapabilities.ADAPTIVE_SEAMLESS, com.google.android.exoplayer2.RendererCapabilities.ADAPTIVE_NOT_SEAMLESS, com.google.android.exoplayer2.RendererCapabilities.ADAPTIVE_NOT_SUPPORTED}" />
    </annotation>
  </item>
  <item name="com.google.android.exoplayer2.trackselection.DefaultTrackSelector com.google.android.exoplayer2.trackselection.ExoTrackSelection.Definition selectFixedVideoTrack(com.google.android.exoplayer2.source.TrackGroupArray, int[][], com.google.android.exoplayer2.trackselection.DefaultTrackSelector.Parameters) 1">
  </item>
  <item name="com.google.android.exoplayer2.trackselection.DefaultTrackSelector com.google.android.exoplayer2.trackselection.ExoTrackSelection.Definition selectOtherTrack(int, com.google.android.exoplayer2.source.TrackGroupArray, int[][], com.google.android.exoplayer2.trackselection.DefaultTrackSelector.Parameters) 2">
  </item>
  <item name="com.google.android.exoplayer2.trackselection.DefaultTrackSelector com.google.android.exoplayer2.trackselection.ExoTrackSelection.Definition selectVideoTrack(com.google.android.exoplayer2.source.TrackGroupArray, int[][], int, com.google.android.exoplayer2.trackselection.DefaultTrackSelector.Parameters, boolean) 1">
  </item>
  <item name="com.google.android.exoplayer2.trackselection.DefaultTrackSelector com.google.android.exoplayer2.trackselection.ExoTrackSelection.Definition selectVideoTrack(com.google.android.exoplayer2.source.TrackGroupArray, int[][], int, com.google.android.exoplayer2.trackselection.DefaultTrackSelector.Parameters, boolean) 2">
    <annotation name="androidx.annotation.IntDef">
      <val name="value" val="{com.google.android.exoplayer2.RendererCapabilities.ADAPTIVE_SEAMLESS, com.google.android.exoplayer2.RendererCapabilities.ADAPTIVE_NOT_SEAMLESS, com.google.android.exoplayer2.RendererCapabilities.ADAPTIVE_NOT_SUPPORTED}" />
    </annotation>
  </item>
  <item name="com.google.android.exoplayer2.trackselection.DefaultTrackSelector com.google.android.exoplayer2.trackselection.ExoTrackSelection.Definition[] selectAllTracks(com.google.android.exoplayer2.trackselection.MappingTrackSelector.MappedTrackInfo, int[][][], int[], com.google.android.exoplayer2.trackselection.DefaultTrackSelector.Parameters) 1">
  </item>
  <item name="com.google.android.exoplayer2.trackselection.DefaultTrackSelector com.google.android.exoplayer2.trackselection.ExoTrackSelection.Definition[] selectAllTracks(com.google.android.exoplayer2.trackselection.MappingTrackSelector.MappedTrackInfo, int[][][], int[], com.google.android.exoplayer2.trackselection.DefaultTrackSelector.Parameters) 2">
    <annotation name="androidx.annotation.IntDef">
      <val name="value" val="{com.google.android.exoplayer2.RendererCapabilities.ADAPTIVE_SEAMLESS, com.google.android.exoplayer2.RendererCapabilities.ADAPTIVE_NOT_SEAMLESS, com.google.android.exoplayer2.RendererCapabilities.ADAPTIVE_NOT_SUPPORTED}" />
    </annotation>
  </item>
  <item name="com.google.android.exoplayer2.trackselection.DefaultTrackSelector int getAdaptiveVideoTrackCountForMimeType(com.google.android.exoplayer2.source.TrackGroup, int[], int, java.lang.String, int, int, int, int, int, int, int, int, java.util.List&lt;java.lang.Integer&gt;) 1">
  </item>
  <item name="com.google.android.exoplayer2.trackselection.DefaultTrackSelector int[] getAdaptiveAudioTracks(com.google.android.exoplayer2.source.TrackGroup, int[], int, int, boolean, boolean, boolean) 1">
  </item>
  <item name="com.google.android.exoplayer2.trackselection.DefaultTrackSelector int[] getAdaptiveVideoTracksForGroup(com.google.android.exoplayer2.source.TrackGroup, int[], boolean, int, int, int, int, int, int, int, int, int, int, int, boolean) 1">
  </item>
  <item name="com.google.android.exoplayer2.trackselection.DefaultTrackSelector void filterAdaptiveVideoTrackCountForMimeType(com.google.android.exoplayer2.source.TrackGroup, int[], int, java.lang.String, int, int, int, int, int, int, int, int, java.util.List&lt;java.lang.Integer&gt;) 1">
  </item>
  <item name="com.google.android.exoplayer2.trackselection.DefaultTrackSelector void maybeConfigureRenderersForTunneling(com.google.android.exoplayer2.trackselection.MappingTrackSelector.MappedTrackInfo, int[][][], com.google.android.exoplayer2.RendererConfiguration[], com.google.android.exoplayer2.trackselection.ExoTrackSelection[]) 1">
  </item>
  <item name="com.google.android.exoplayer2.trackselection.DefaultTrackSelector.AudioTrackScore AudioTrackScore(com.google.android.exoplayer2.Format, com.google.android.exoplayer2.trackselection.DefaultTrackSelector.Parameters, int) 2">
  </item>
  <item name="com.google.android.exoplayer2.trackselection.DefaultTrackSelector.OtherTrackScore OtherTrackScore(com.google.android.exoplayer2.Format, int) 1">
  </item>
  <item name="com.google.android.exoplayer2.trackselection.DefaultTrackSelector.TextTrackScore TextTrackScore(com.google.android.exoplayer2.Format, com.google.android.exoplayer2.trackselection.DefaultTrackSelector.Parameters, int, java.lang.String) 2">
  </item>
  <item name="com.google.android.exoplayer2.trackselection.DefaultTrackSelector.VideoTrackScore VideoTrackScore(com.google.android.exoplayer2.Format, com.google.android.exoplayer2.trackselection.DefaultTrackSelector.Parameters, int, boolean) 2">
  </item>
  <item name="com.google.android.exoplayer2.trackselection.MappingTrackSelector android.util.Pair&lt;com.google.android.exoplayer2.RendererConfiguration[],com.google.android.exoplayer2.trackselection.ExoTrackSelection[]&gt; selectTracks(com.google.android.exoplayer2.trackselection.MappingTrackSelector.MappedTrackInfo, int[][][], int[], com.google.android.exoplayer2.source.MediaSource.MediaPeriodId, com.google.android.exoplayer2.Timeline) 1">
  </item>
  <item name="com.google.android.exoplayer2.trackselection.MappingTrackSelector android.util.Pair&lt;com.google.android.exoplayer2.RendererConfiguration[],com.google.android.exoplayer2.trackselection.ExoTrackSelection[]&gt; selectTracks(com.google.android.exoplayer2.trackselection.MappingTrackSelector.MappedTrackInfo, int[][][], int[], com.google.android.exoplayer2.source.MediaSource.MediaPeriodId, com.google.android.exoplayer2.Timeline) 2">
    <annotation name="androidx.annotation.IntDef">
      <val name="value" val="{com.google.android.exoplayer2.RendererCapabilities.ADAPTIVE_SEAMLESS, com.google.android.exoplayer2.RendererCapabilities.ADAPTIVE_NOT_SEAMLESS, com.google.android.exoplayer2.RendererCapabilities.ADAPTIVE_NOT_SUPPORTED}" />
    </annotation>
  </item>
  <item name="com.google.android.exoplayer2.trackselection.MappingTrackSelector int[] getFormatSupport(com.google.android.exoplayer2.RendererCapabilities, com.google.android.exoplayer2.source.TrackGroup)">
  </item>
  <item name="com.google.android.exoplayer2.trackselection.MappingTrackSelector int[] getMixedMimeTypeAdaptationSupports(com.google.android.exoplayer2.RendererCapabilities[])">
    <annotation name="androidx.annotation.IntDef">
      <val name="value" val="{com.google.android.exoplayer2.RendererCapabilities.ADAPTIVE_SEAMLESS, com.google.android.exoplayer2.RendererCapabilities.ADAPTIVE_NOT_SEAMLESS, com.google.android.exoplayer2.RendererCapabilities.ADAPTIVE_NOT_SUPPORTED}" />
    </annotation>
  </item>
  <item name="com.google.android.exoplayer2.trackselection.MappingTrackSelector.MappedTrackInfo MappedTrackInfo(java.lang.String[], int[], com.google.android.exoplayer2.source.TrackGroupArray[], int[], int[][][], com.google.android.exoplayer2.source.TrackGroupArray) 3">
    <annotation name="androidx.annotation.IntDef">
      <val name="value" val="{com.google.android.exoplayer2.RendererCapabilities.ADAPTIVE_SEAMLESS, com.google.android.exoplayer2.RendererCapabilities.ADAPTIVE_NOT_SEAMLESS, com.google.android.exoplayer2.RendererCapabilities.ADAPTIVE_NOT_SUPPORTED}" />
    </annotation>
  </item>
  <item name="com.google.android.exoplayer2.trackselection.MappingTrackSelector.MappedTrackInfo MappedTrackInfo(java.lang.String[], int[], com.google.android.exoplayer2.source.TrackGroupArray[], int[], int[][][], com.google.android.exoplayer2.source.TrackGroupArray) 4">
  </item>
  <item name="com.google.android.exoplayer2.trackselection.MappingTrackSelector.MappedTrackInfo int getAdaptiveSupport(int, int, boolean)">
    <annotation name="androidx.annotation.IntDef">
      <val name="value" val="{com.google.android.exoplayer2.RendererCapabilities.ADAPTIVE_SEAMLESS, com.google.android.exoplayer2.RendererCapabilities.ADAPTIVE_NOT_SEAMLESS, com.google.android.exoplayer2.RendererCapabilities.ADAPTIVE_NOT_SUPPORTED}" />
    </annotation>
  </item>
  <item name="com.google.android.exoplayer2.trackselection.MappingTrackSelector.MappedTrackInfo int getAdaptiveSupport(int, int, int[])">
    <annotation name="androidx.annotation.IntDef">
      <val name="value" val="{com.google.android.exoplayer2.RendererCapabilities.ADAPTIVE_SEAMLESS, com.google.android.exoplayer2.RendererCapabilities.ADAPTIVE_NOT_SEAMLESS, com.google.android.exoplayer2.RendererCapabilities.ADAPTIVE_NOT_SUPPORTED}" />
    </annotation>
  </item>
  <item name="com.google.android.exoplayer2.trackselection.MappingTrackSelector.MappedTrackInfo int getRendererSupport(int)">
    <annotation name="androidx.annotation.IntDef">
      <val name="value" val="{com.google.android.exoplayer2.trackselection.MappingTrackSelector.MappedTrackInfo.RENDERER_SUPPORT_NO_TRACKS, com.google.android.exoplayer2.trackselection.MappingTrackSelector.MappedTrackInfo.RENDERER_SUPPORT_UNSUPPORTED_TRACKS, com.google.android.exoplayer2.trackselection.MappingTrackSelector.MappedTrackInfo.RENDERER_SUPPORT_EXCEEDS_CAPABILITIES_TRACKS, com.google.android.exoplayer2.trackselection.MappingTrackSelector.MappedTrackInfo.RENDERER_SUPPORT_PLAYABLE_TRACKS}" />
    </annotation>
  </item>
  <item name="com.google.android.exoplayer2.trackselection.MappingTrackSelector.MappedTrackInfo int getTypeSupport(int)">
    <annotation name="androidx.annotation.IntDef">
      <val name="value" val="{com.google.android.exoplayer2.trackselection.MappingTrackSelector.MappedTrackInfo.RENDERER_SUPPORT_NO_TRACKS, com.google.android.exoplayer2.trackselection.MappingTrackSelector.MappedTrackInfo.RENDERER_SUPPORT_UNSUPPORTED_TRACKS, com.google.android.exoplayer2.trackselection.MappingTrackSelector.MappedTrackInfo.RENDERER_SUPPORT_EXCEEDS_CAPABILITIES_TRACKS, com.google.android.exoplayer2.trackselection.MappingTrackSelector.MappedTrackInfo.RENDERER_SUPPORT_PLAYABLE_TRACKS}" />
    </annotation>
  </item>
  <item name="com.google.android.exoplayer2.trackselection.MappingTrackSelector.MappedTrackInfo rendererFormatSupports">
  </item>
  <item name="com.google.android.exoplayer2.trackselection.MappingTrackSelector.MappedTrackInfo rendererMixedMimeTypeAdaptiveSupports">
    <annotation name="androidx.annotation.IntDef">
      <val name="value" val="{com.google.android.exoplayer2.RendererCapabilities.ADAPTIVE_SEAMLESS, com.google.android.exoplayer2.RendererCapabilities.ADAPTIVE_NOT_SEAMLESS, com.google.android.exoplayer2.RendererCapabilities.ADAPTIVE_NOT_SUPPORTED}" />
    </annotation>
  </item>
</root>

