<?xml version="1.0" encoding="UTF-8"?>
<root>
  <item name="com.google.android.exoplayer2.text.ttml.TextEmphasis TextEmphasis(int, int, int) 0">
    <annotation name="androidx.annotation.IntDef">
      <val name="value" val="{com.google.android.exoplayer2.text.span.TextEmphasisSpan.MARK_SHAPE_NONE, com.google.android.exoplayer2.text.span.TextEmphasisSpan.MARK_SHAPE_CIRCLE, com.google.android.exoplayer2.text.span.TextEmphasisSpan.MARK_SHAPE_DOT, com.google.android.exoplayer2.text.span.TextEmphasisSpan.MARK_SHAPE_SESAME, com.google.android.exoplayer2.text.ttml.TextEmphasis.MARK_SHAPE_AUTO}" />
    </annotation>
  </item>
  <item name="com.google.android.exoplayer2.text.ttml.TextEmphasis TextEmphasis(int, int, int) 1">
    <annotation name="androidx.annotation.IntDef">
      <val name="value" val="{com.google.android.exoplayer2.text.span.TextEmphasisSpan.MARK_FILL_UNKNOWN, com.google.android.exoplayer2.text.span.TextEmphasisSpan.MARK_FILL_FILLED, com.google.android.exoplayer2.text.span.TextEmphasisSpan.MARK_FILL_OPEN}" />
    </annotation>
  </item>
  <item name="com.google.android.exoplayer2.text.ttml.TextEmphasis TextEmphasis(int, int, int) 2">
    <annotation name="androidx.annotation.IntDef">
      <val name="value" val="{com.google.android.exoplayer2.text.span.TextAnnotation.POSITION_UNKNOWN, com.google.android.exoplayer2.text.span.TextAnnotation.POSITION_BEFORE, com.google.android.exoplayer2.text.span.TextAnnotation.POSITION_AFTER}" />
    </annotation>
  </item>
  <item name="com.google.android.exoplayer2.text.ttml.TextEmphasis markFill">
    <annotation name="androidx.annotation.IntDef">
      <val name="value" val="{com.google.android.exoplayer2.text.span.TextEmphasisSpan.MARK_FILL_UNKNOWN, com.google.android.exoplayer2.text.span.TextEmphasisSpan.MARK_FILL_FILLED, com.google.android.exoplayer2.text.span.TextEmphasisSpan.MARK_FILL_OPEN}" />
    </annotation>
  </item>
  <item name="com.google.android.exoplayer2.text.ttml.TextEmphasis markShape">
    <annotation name="androidx.annotation.IntDef">
      <val name="value" val="{com.google.android.exoplayer2.text.span.TextEmphasisSpan.MARK_SHAPE_NONE, com.google.android.exoplayer2.text.span.TextEmphasisSpan.MARK_SHAPE_CIRCLE, com.google.android.exoplayer2.text.span.TextEmphasisSpan.MARK_SHAPE_DOT, com.google.android.exoplayer2.text.span.TextEmphasisSpan.MARK_SHAPE_SESAME, com.google.android.exoplayer2.text.ttml.TextEmphasis.MARK_SHAPE_AUTO}" />
    </annotation>
  </item>
  <item name="com.google.android.exoplayer2.text.ttml.TextEmphasis position">
    <annotation name="androidx.annotation.IntDef">
      <val name="value" val="{com.google.android.exoplayer2.text.span.TextAnnotation.POSITION_UNKNOWN, com.google.android.exoplayer2.text.span.TextAnnotation.POSITION_BEFORE, com.google.android.exoplayer2.text.span.TextAnnotation.POSITION_AFTER, com.google.android.exoplayer2.text.ttml.TextEmphasis.POSITION_OUTSIDE}" />
    </annotation>
  </item>
  <item name="com.google.android.exoplayer2.text.ttml.TextEmphasis.Position">
    <annotation name="androidx.annotation.IntDef">
      <val name="value" val="{com.google.android.exoplayer2.text.span.TextAnnotation.POSITION_UNKNOWN, com.google.android.exoplayer2.text.span.TextAnnotation.POSITION_BEFORE, com.google.android.exoplayer2.text.span.TextAnnotation.POSITION_AFTER, com.google.android.exoplayer2.text.ttml.TextEmphasis.POSITION_OUTSIDE}" />
    </annotation>
  </item>
  <item name="com.google.android.exoplayer2.text.ttml.TtmlStyle bold">
    <annotation name="androidx.annotation.IntDef">
      <val name="value" val="{com.google.android.exoplayer2.text.ttml.TtmlStyle.UNSPECIFIED, com.google.android.exoplayer2.text.ttml.TtmlStyle.OFF, com.google.android.exoplayer2.text.ttml.TtmlStyle.ON}" />
    </annotation>
  </item>
  <item name="com.google.android.exoplayer2.text.ttml.TtmlStyle com.google.android.exoplayer2.text.ttml.TtmlStyle setRubyPosition(int) 0">
    <annotation name="androidx.annotation.IntDef">
      <val name="value" val="{com.google.android.exoplayer2.text.span.TextAnnotation.POSITION_UNKNOWN, com.google.android.exoplayer2.text.span.TextAnnotation.POSITION_BEFORE, com.google.android.exoplayer2.text.span.TextAnnotation.POSITION_AFTER}" />
    </annotation>
  </item>
  <item name="com.google.android.exoplayer2.text.ttml.TtmlStyle com.google.android.exoplayer2.text.ttml.TtmlStyle setRubyType(int) 0">
    <annotation name="androidx.annotation.IntDef">
      <val name="value" val="{com.google.android.exoplayer2.text.ttml.TtmlStyle.UNSPECIFIED, com.google.android.exoplayer2.text.ttml.TtmlStyle.RUBY_TYPE_CONTAINER, com.google.android.exoplayer2.text.ttml.TtmlStyle.RUBY_TYPE_BASE, com.google.android.exoplayer2.text.ttml.TtmlStyle.RUBY_TYPE_TEXT, com.google.android.exoplayer2.text.ttml.TtmlStyle.RUBY_TYPE_DELIMITER}" />
    </annotation>
  </item>
  <item name="com.google.android.exoplayer2.text.ttml.TtmlStyle fontSizeUnit">
    <annotation name="androidx.annotation.IntDef">
      <val name="value" val="{com.google.android.exoplayer2.text.ttml.TtmlStyle.UNSPECIFIED, com.google.android.exoplayer2.text.ttml.TtmlStyle.FONT_SIZE_UNIT_PIXEL, com.google.android.exoplayer2.text.ttml.TtmlStyle.FONT_SIZE_UNIT_EM, com.google.android.exoplayer2.text.ttml.TtmlStyle.FONT_SIZE_UNIT_PERCENT}" />
    </annotation>
  </item>
  <item name="com.google.android.exoplayer2.text.ttml.TtmlStyle int getFontSizeUnit()">
    <annotation name="androidx.annotation.IntDef">
      <val name="value" val="{com.google.android.exoplayer2.text.ttml.TtmlStyle.UNSPECIFIED, com.google.android.exoplayer2.text.ttml.TtmlStyle.FONT_SIZE_UNIT_PIXEL, com.google.android.exoplayer2.text.ttml.TtmlStyle.FONT_SIZE_UNIT_EM, com.google.android.exoplayer2.text.ttml.TtmlStyle.FONT_SIZE_UNIT_PERCENT}" />
    </annotation>
  </item>
  <item name="com.google.android.exoplayer2.text.ttml.TtmlStyle int getRubyPosition()">
    <annotation name="androidx.annotation.IntDef">
      <val name="value" val="{com.google.android.exoplayer2.text.span.TextAnnotation.POSITION_UNKNOWN, com.google.android.exoplayer2.text.span.TextAnnotation.POSITION_BEFORE, com.google.android.exoplayer2.text.span.TextAnnotation.POSITION_AFTER}" />
    </annotation>
  </item>
  <item name="com.google.android.exoplayer2.text.ttml.TtmlStyle int getRubyType()">
    <annotation name="androidx.annotation.IntDef">
      <val name="value" val="{com.google.android.exoplayer2.text.ttml.TtmlStyle.UNSPECIFIED, com.google.android.exoplayer2.text.ttml.TtmlStyle.RUBY_TYPE_CONTAINER, com.google.android.exoplayer2.text.ttml.TtmlStyle.RUBY_TYPE_BASE, com.google.android.exoplayer2.text.ttml.TtmlStyle.RUBY_TYPE_TEXT, com.google.android.exoplayer2.text.ttml.TtmlStyle.RUBY_TYPE_DELIMITER}" />
    </annotation>
  </item>
  <item name="com.google.android.exoplayer2.text.ttml.TtmlStyle int getStyle()">
    <annotation name="androidx.annotation.IntDef">
      <val name="flag" val="true" />
      <val name="value" val="{com.google.android.exoplayer2.text.ttml.TtmlStyle.UNSPECIFIED, com.google.android.exoplayer2.text.ttml.TtmlStyle.STYLE_NORMAL, com.google.android.exoplayer2.text.ttml.TtmlStyle.STYLE_BOLD, com.google.android.exoplayer2.text.ttml.TtmlStyle.STYLE_ITALIC, com.google.android.exoplayer2.text.ttml.TtmlStyle.STYLE_BOLD_ITALIC}" />
    </annotation>
  </item>
  <item name="com.google.android.exoplayer2.text.ttml.TtmlStyle italic">
    <annotation name="androidx.annotation.IntDef">
      <val name="value" val="{com.google.android.exoplayer2.text.ttml.TtmlStyle.UNSPECIFIED, com.google.android.exoplayer2.text.ttml.TtmlStyle.OFF, com.google.android.exoplayer2.text.ttml.TtmlStyle.ON}" />
    </annotation>
  </item>
  <item name="com.google.android.exoplayer2.text.ttml.TtmlStyle linethrough">
    <annotation name="androidx.annotation.IntDef">
      <val name="value" val="{com.google.android.exoplayer2.text.ttml.TtmlStyle.UNSPECIFIED, com.google.android.exoplayer2.text.ttml.TtmlStyle.OFF, com.google.android.exoplayer2.text.ttml.TtmlStyle.ON}" />
    </annotation>
  </item>
  <item name="com.google.android.exoplayer2.text.ttml.TtmlStyle rubyPosition">
    <annotation name="androidx.annotation.IntDef">
      <val name="value" val="{com.google.android.exoplayer2.text.span.TextAnnotation.POSITION_UNKNOWN, com.google.android.exoplayer2.text.span.TextAnnotation.POSITION_BEFORE, com.google.android.exoplayer2.text.span.TextAnnotation.POSITION_AFTER}" />
    </annotation>
  </item>
  <item name="com.google.android.exoplayer2.text.ttml.TtmlStyle rubyType">
    <annotation name="androidx.annotation.IntDef">
      <val name="value" val="{com.google.android.exoplayer2.text.ttml.TtmlStyle.UNSPECIFIED, com.google.android.exoplayer2.text.ttml.TtmlStyle.RUBY_TYPE_CONTAINER, com.google.android.exoplayer2.text.ttml.TtmlStyle.RUBY_TYPE_BASE, com.google.android.exoplayer2.text.ttml.TtmlStyle.RUBY_TYPE_TEXT, com.google.android.exoplayer2.text.ttml.TtmlStyle.RUBY_TYPE_DELIMITER}" />
    </annotation>
  </item>
  <item name="com.google.android.exoplayer2.text.ttml.TtmlStyle textCombine">
    <annotation name="androidx.annotation.IntDef">
      <val name="value" val="{com.google.android.exoplayer2.text.ttml.TtmlStyle.UNSPECIFIED, com.google.android.exoplayer2.text.ttml.TtmlStyle.OFF, com.google.android.exoplayer2.text.ttml.TtmlStyle.ON}" />
    </annotation>
  </item>
  <item name="com.google.android.exoplayer2.text.ttml.TtmlStyle underline">
    <annotation name="androidx.annotation.IntDef">
      <val name="value" val="{com.google.android.exoplayer2.text.ttml.TtmlStyle.UNSPECIFIED, com.google.android.exoplayer2.text.ttml.TtmlStyle.OFF, com.google.android.exoplayer2.text.ttml.TtmlStyle.ON}" />
    </annotation>
  </item>
  <item name="com.google.android.exoplayer2.text.ttml.TtmlStyle.FontSizeUnit">
    <annotation name="androidx.annotation.IntDef">
      <val name="value" val="{com.google.android.exoplayer2.text.ttml.TtmlStyle.UNSPECIFIED, com.google.android.exoplayer2.text.ttml.TtmlStyle.FONT_SIZE_UNIT_PIXEL, com.google.android.exoplayer2.text.ttml.TtmlStyle.FONT_SIZE_UNIT_EM, com.google.android.exoplayer2.text.ttml.TtmlStyle.FONT_SIZE_UNIT_PERCENT}" />
    </annotation>
  </item>
  <item name="com.google.android.exoplayer2.text.ttml.TtmlStyle.RubyType">
    <annotation name="androidx.annotation.IntDef">
      <val name="value" val="{com.google.android.exoplayer2.text.ttml.TtmlStyle.UNSPECIFIED, com.google.android.exoplayer2.text.ttml.TtmlStyle.RUBY_TYPE_CONTAINER, com.google.android.exoplayer2.text.ttml.TtmlStyle.RUBY_TYPE_BASE, com.google.android.exoplayer2.text.ttml.TtmlStyle.RUBY_TYPE_TEXT, com.google.android.exoplayer2.text.ttml.TtmlStyle.RUBY_TYPE_DELIMITER}" />
    </annotation>
  </item>
  <item name="com.google.android.exoplayer2.text.ttml.TtmlStyle.StyleFlags">
    <annotation name="androidx.annotation.IntDef">
      <val name="flag" val="true" />
      <val name="value" val="{com.google.android.exoplayer2.text.ttml.TtmlStyle.UNSPECIFIED, com.google.android.exoplayer2.text.ttml.TtmlStyle.STYLE_NORMAL, com.google.android.exoplayer2.text.ttml.TtmlStyle.STYLE_BOLD, com.google.android.exoplayer2.text.ttml.TtmlStyle.STYLE_ITALIC, com.google.android.exoplayer2.text.ttml.TtmlStyle.STYLE_BOLD_ITALIC}" />
    </annotation>
  </item>
</root>

