<?xml version="1.0" encoding="UTF-8"?>
<root>
  <item name="com.google.android.exoplayer2.trackselection.TrackSelectionParameters preferredAudioRoleFlags">
    <annotation name="androidx.annotation.IntDef">
      <val name="flag" val="true" />
      <val name="value" val="{com.google.android.exoplayer2.C.ROLE_FLAG_MAIN, com.google.android.exoplayer2.C.ROLE_FLAG_ALTERNATE, com.google.android.exoplayer2.C.ROLE_FLAG_SUPPLEMENTARY, com.google.android.exoplayer2.C.ROLE_FLAG_COMMENTARY, com.google.android.exoplayer2.C.ROLE_FLAG_DUB, com.google.android.exoplayer2.C.ROLE_FLAG_EMERGENCY, com.google.android.exoplayer2.C.ROLE_FLAG_CAPTION, com.google.android.exoplayer2.C.ROLE_FLAG_SUBTITLE, com.google.android.exoplayer2.C.ROLE_FLAG_SIGN, com.google.android.exoplayer2.C.ROLE_FLAG_DESCRIBES_VIDEO, com.google.android.exoplayer2.C.ROLE_FLAG_DESCRIBES_MUSIC_AND_SOUND, com.google.android.exoplayer2.C.ROLE_FLAG_ENHANCED_DIALOG_INTELLIGIBILITY, com.google.android.exoplayer2.C.ROLE_FLAG_TRANSCRIBES_DIALOG, com.google.android.exoplayer2.C.ROLE_FLAG_EASY_TO_READ, com.google.android.exoplayer2.C.ROLE_FLAG_TRICK_PLAY}" />
    </annotation>
  </item>
  <item name="com.google.android.exoplayer2.trackselection.TrackSelectionParameters preferredTextRoleFlags">
    <annotation name="androidx.annotation.IntDef">
      <val name="flag" val="true" />
      <val name="value" val="{com.google.android.exoplayer2.C.ROLE_FLAG_MAIN, com.google.android.exoplayer2.C.ROLE_FLAG_ALTERNATE, com.google.android.exoplayer2.C.ROLE_FLAG_SUPPLEMENTARY, com.google.android.exoplayer2.C.ROLE_FLAG_COMMENTARY, com.google.android.exoplayer2.C.ROLE_FLAG_DUB, com.google.android.exoplayer2.C.ROLE_FLAG_EMERGENCY, com.google.android.exoplayer2.C.ROLE_FLAG_CAPTION, com.google.android.exoplayer2.C.ROLE_FLAG_SUBTITLE, com.google.android.exoplayer2.C.ROLE_FLAG_SIGN, com.google.android.exoplayer2.C.ROLE_FLAG_DESCRIBES_VIDEO, com.google.android.exoplayer2.C.ROLE_FLAG_DESCRIBES_MUSIC_AND_SOUND, com.google.android.exoplayer2.C.ROLE_FLAG_ENHANCED_DIALOG_INTELLIGIBILITY, com.google.android.exoplayer2.C.ROLE_FLAG_TRANSCRIBES_DIALOG, com.google.android.exoplayer2.C.ROLE_FLAG_EASY_TO_READ, com.google.android.exoplayer2.C.ROLE_FLAG_TRICK_PLAY}" />
    </annotation>
  </item>
  <item name="com.google.android.exoplayer2.trackselection.TrackSelectionParameters.Builder com.google.android.exoplayer2.trackselection.TrackSelectionParameters.Builder setPreferredAudioRoleFlags(int) 0">
    <annotation name="androidx.annotation.IntDef">
      <val name="flag" val="true" />
      <val name="value" val="{com.google.android.exoplayer2.C.ROLE_FLAG_MAIN, com.google.android.exoplayer2.C.ROLE_FLAG_ALTERNATE, com.google.android.exoplayer2.C.ROLE_FLAG_SUPPLEMENTARY, com.google.android.exoplayer2.C.ROLE_FLAG_COMMENTARY, com.google.android.exoplayer2.C.ROLE_FLAG_DUB, com.google.android.exoplayer2.C.ROLE_FLAG_EMERGENCY, com.google.android.exoplayer2.C.ROLE_FLAG_CAPTION, com.google.android.exoplayer2.C.ROLE_FLAG_SUBTITLE, com.google.android.exoplayer2.C.ROLE_FLAG_SIGN, com.google.android.exoplayer2.C.ROLE_FLAG_DESCRIBES_VIDEO, com.google.android.exoplayer2.C.ROLE_FLAG_DESCRIBES_MUSIC_AND_SOUND, com.google.android.exoplayer2.C.ROLE_FLAG_ENHANCED_DIALOG_INTELLIGIBILITY, com.google.android.exoplayer2.C.ROLE_FLAG_TRANSCRIBES_DIALOG, com.google.android.exoplayer2.C.ROLE_FLAG_EASY_TO_READ, com.google.android.exoplayer2.C.ROLE_FLAG_TRICK_PLAY}" />
    </annotation>
  </item>
  <item name="com.google.android.exoplayer2.trackselection.TrackSelectionParameters.Builder com.google.android.exoplayer2.trackselection.TrackSelectionParameters.Builder setPreferredTextRoleFlags(int) 0">
    <annotation name="androidx.annotation.IntDef">
      <val name="flag" val="true" />
      <val name="value" val="{com.google.android.exoplayer2.C.ROLE_FLAG_MAIN, com.google.android.exoplayer2.C.ROLE_FLAG_ALTERNATE, com.google.android.exoplayer2.C.ROLE_FLAG_SUPPLEMENTARY, com.google.android.exoplayer2.C.ROLE_FLAG_COMMENTARY, com.google.android.exoplayer2.C.ROLE_FLAG_DUB, com.google.android.exoplayer2.C.ROLE_FLAG_EMERGENCY, com.google.android.exoplayer2.C.ROLE_FLAG_CAPTION, com.google.android.exoplayer2.C.ROLE_FLAG_SUBTITLE, com.google.android.exoplayer2.C.ROLE_FLAG_SIGN, com.google.android.exoplayer2.C.ROLE_FLAG_DESCRIBES_VIDEO, com.google.android.exoplayer2.C.ROLE_FLAG_DESCRIBES_MUSIC_AND_SOUND, com.google.android.exoplayer2.C.ROLE_FLAG_ENHANCED_DIALOG_INTELLIGIBILITY, com.google.android.exoplayer2.C.ROLE_FLAG_TRANSCRIBES_DIALOG, com.google.android.exoplayer2.C.ROLE_FLAG_EASY_TO_READ, com.google.android.exoplayer2.C.ROLE_FLAG_TRICK_PLAY}" />
    </annotation>
  </item>
  <item name="com.google.android.exoplayer2.trackselection.TrackSelectionParameters.Builder preferredAudioRoleFlags">
    <annotation name="androidx.annotation.IntDef">
      <val name="flag" val="true" />
      <val name="value" val="{com.google.android.exoplayer2.C.ROLE_FLAG_MAIN, com.google.android.exoplayer2.C.ROLE_FLAG_ALTERNATE, com.google.android.exoplayer2.C.ROLE_FLAG_SUPPLEMENTARY, com.google.android.exoplayer2.C.ROLE_FLAG_COMMENTARY, com.google.android.exoplayer2.C.ROLE_FLAG_DUB, com.google.android.exoplayer2.C.ROLE_FLAG_EMERGENCY, com.google.android.exoplayer2.C.ROLE_FLAG_CAPTION, com.google.android.exoplayer2.C.ROLE_FLAG_SUBTITLE, com.google.android.exoplayer2.C.ROLE_FLAG_SIGN, com.google.android.exoplayer2.C.ROLE_FLAG_DESCRIBES_VIDEO, com.google.android.exoplayer2.C.ROLE_FLAG_DESCRIBES_MUSIC_AND_SOUND, com.google.android.exoplayer2.C.ROLE_FLAG_ENHANCED_DIALOG_INTELLIGIBILITY, com.google.android.exoplayer2.C.ROLE_FLAG_TRANSCRIBES_DIALOG, com.google.android.exoplayer2.C.ROLE_FLAG_EASY_TO_READ, com.google.android.exoplayer2.C.ROLE_FLAG_TRICK_PLAY}" />
    </annotation>
  </item>
  <item name="com.google.android.exoplayer2.trackselection.TrackSelectionParameters.Builder preferredTextRoleFlags">
    <annotation name="androidx.annotation.IntDef">
      <val name="flag" val="true" />
      <val name="value" val="{com.google.android.exoplayer2.C.ROLE_FLAG_MAIN, com.google.android.exoplayer2.C.ROLE_FLAG_ALTERNATE, com.google.android.exoplayer2.C.ROLE_FLAG_SUPPLEMENTARY, com.google.android.exoplayer2.C.ROLE_FLAG_COMMENTARY, com.google.android.exoplayer2.C.ROLE_FLAG_DUB, com.google.android.exoplayer2.C.ROLE_FLAG_EMERGENCY, com.google.android.exoplayer2.C.ROLE_FLAG_CAPTION, com.google.android.exoplayer2.C.ROLE_FLAG_SUBTITLE, com.google.android.exoplayer2.C.ROLE_FLAG_SIGN, com.google.android.exoplayer2.C.ROLE_FLAG_DESCRIBES_VIDEO, com.google.android.exoplayer2.C.ROLE_FLAG_DESCRIBES_MUSIC_AND_SOUND, com.google.android.exoplayer2.C.ROLE_FLAG_ENHANCED_DIALOG_INTELLIGIBILITY, com.google.android.exoplayer2.C.ROLE_FLAG_TRANSCRIBES_DIALOG, com.google.android.exoplayer2.C.ROLE_FLAG_EASY_TO_READ, com.google.android.exoplayer2.C.ROLE_FLAG_TRICK_PLAY}" />
    </annotation>
  </item>
</root>

